[2026-06-15T22:38:18.930Z][secondary:3001] ✅ SERVEUR BACKUP v2 démarré sur http://localhost:3001
[2026-06-15T22:38:18.934Z][secondary:3001]    Surveillance du principal : http://localhost:3000
[2026-06-15T22:38:18.934Z][secondary:3001]    Failover threshold : 3 échecs | Intervalle : 5000ms
[2026-06-15T22:38:18.935Z][secondary:3001]    Endpoints : /v1/events | /v1/reports | /v1/alerts/sync | /status | /healthz
[2026-06-15T22:38:18.935Z][BackupMonitor(:3001→:3000)] Démarrage surveillance → http://localhost:3000 (intervalle 5000ms)
[2026-06-15T22:38:18.976Z][secondary:3001]    HeartbeatMonitor démarré → http://localhost:3000/healthz
[2026-06-15T22:38:19.017Z][BackupMonitor(:3001→:3000)] ✓ PING OK (81ms) — statut: online
[2026-06-15T22:38:23.985Z][BackupMonitor(:3001→:3000)] ✓ PING OK (5ms) — statut: online
[2026-06-15T22:38:28.992Z][BackupMonitor(:3001→:3000)] ✓ PING OK (5ms) — statut: online
[2026-06-15T22:38:34.005Z][BackupMonitor(:3001→:3000)] ✓ PING OK (7ms) — statut: online
[2026-06-15T22:38:39.017Z][BackupMonitor(:3001→:3000)] ✓ PING OK (6ms) — statut: online
[2026-06-15T22:38:44.020Z][BackupMonitor(:3001→:3000)] ✓ PING OK (6ms) — statut: online
[2026-06-15T22:38:49.030Z][BackupMonitor(:3001→:3000)] ✓ PING OK (4ms) — statut: online
[2026-06-15T22:38:54.036Z][BackupMonitor(:3001→:3000)] ✓ PING OK (5ms) — statut: online
[2026-06-15T22:38:59.047Z][BackupMonitor(:3001→:3000)] ✓ PING OK (4ms) — statut: online
[2026-06-15T22:39:04.063Z][BackupMonitor(:3001→:3000)] ✓ PING OK (4ms) — statut: online
[2026-06-15T22:39:09.069Z][BackupMonitor(:3001→:3000)] ✓ PING OK (7ms) — statut: online
[2026-06-15T22:39:14.068Z][BackupMonitor(:3001→:3000)] ✓ PING OK (4ms) — statut: online
[2026-06-15T22:39:19.075Z][BackupMonitor(:3001→:3000)] ✓ PING OK (3ms) — statut: online
[2026-06-15T22:39:24.081Z][BackupMonitor(:3001→:3000)] ✓ PING OK (3ms) — statut: online
[2026-06-15T22:39:29.083Z][BackupMonitor(:3001→:3000)] ✓ PING OK (4ms) — statut: online
[2026-06-15T22:39:34.094Z][BackupMonitor(:3001→:3000)] ✓ PING OK (3ms) — statut: online
[2026-06-15T22:39:39.108Z][BackupMonitor(:3001→:3000)] ✓ PING OK (3ms) — statut: online
[2026-06-15T22:39:44.121Z][BackupMonitor(:3001→:3000)] ✓ PING OK (4ms) — statut: online
[2026-06-15T22:39:49.123Z][BackupMonitor(:3001→:3000)] ✓ PING OK (4ms) — statut: online
[2026-06-15T22:39:54.133Z][BackupMonitor(:3001→:3000)] ✓ PING OK (4ms) — statut: online
[2026-06-15T22:39:59.148Z][BackupMonitor(:3001→:3000)] ✓ PING OK (3ms) — statut: online
[2026-06-15T22:40:04.154Z][BackupMonitor(:3001→:3000)] ✓ PING OK (4ms) — statut: online
[2026-06-15T22:40:09.161Z][BackupMonitor(:3001→:3000)] ✓ PING OK (3ms) — statut: online
[2026-06-15T22:40:14.172Z][BackupMonitor(:3001→:3000)] ✓ PING OK (4ms) — statut: online
[2026-06-15T22:40:19.172Z][BackupMonitor(:3001→:3000)] ✓ PING OK (3ms) — statut: online
[2026-06-15T22:40:24.173Z][BackupMonitor(:3001→:3000)] ✓ PING OK (4ms) — statut: online
[2026-06-15T22:40:29.180Z][BackupMonitor(:3001→:3000)] ✓ PING OK (3ms) — statut: online
[2026-06-15T22:40:34.182Z][BackupMonitor(:3001→:3000)] ✓ PING OK (4ms) — statut: online
[2026-06-15T22:40:39.197Z][BackupMonitor(:3001→:3000)] ✓ PING OK (3ms) — statut: online
[2026-06-15T22:40:44.207Z][BackupMonitor(:3001→:3000)] ✓ PING OK (3ms) — statut: online
[2026-06-15T22:40:49.212Z][BackupMonitor(:3001→:3000)] ✓ PING OK (3ms) — statut: online
[2026-06-15T22:40:54.215Z][BackupMonitor(:3001→:3000)] ✓ PING OK (4ms) — statut: online
[2026-06-15T22:40:59.219Z][BackupMonitor(:3001→:3000)] ✓ PING OK (4ms) — statut: online
[2026-06-15T22:41:04.229Z][BackupMonitor(:3001→:3000)] ✓ PING OK (4ms) — statut: online
[2026-06-15T22:41:09.242Z][BackupMonitor(:3001→:3000)] ✓ PING OK (3ms) — statut: online
[2026-06-15T22:41:12.309Z][secondary:3001] Signal SIGINT reçu — arrêt du HeartbeatMonitor...
[2026-06-15T22:41:12.310Z][BackupMonitor(:3001→:3000)] Surveillance arrêtée.
[2026-06-15T22:45:18.201Z][secondary:3001] ✅ SERVEUR BACKUP v2 démarré sur http://localhost:3001
[2026-06-15T22:45:18.206Z][secondary:3001]    Surveillance du principal : http://localhost:3000
[2026-06-15T22:45:18.206Z][secondary:3001]    Failover threshold : 3 échecs | Intervalle : 5000ms
[2026-06-15T22:45:18.207Z][secondary:3001]    Endpoints : /v1/events | /v1/reports | /v1/alerts/sync | /status | /healthz
[2026-06-15T22:45:18.208Z][BackupMonitor(:3001→:3000)] Démarrage surveillance → http://localhost:3000 (intervalle 5000ms)
[2026-06-15T22:45:18.257Z][secondary:3001]    HeartbeatMonitor démarré → http://localhost:3000/healthz
[2026-06-15T22:45:18.271Z][BackupMonitor(:3001→:3000)] ✗ PING ÉCHOUÉ #1/3 (HTTP undefined) — statut: unknown
[2026-06-15T22:45:18.272Z][secondary:3001] 💔 Ping principal échoué (63ms) — échecs: 1/3
[2026-06-15T22:45:23.264Z][BackupMonitor(:3001→:3000)] ✗ PING ÉCHOUÉ #2/3 (HTTP undefined) — statut: degraded
[2026-06-15T22:45:23.265Z][secondary:3001] 💔 Ping principal échoué (3ms) — échecs: 2/3
[2026-06-15T22:45:28.265Z][BackupMonitor(:3001→:3000)] ✗ PING ÉCHOUÉ #3/3 (HTTP undefined) — statut: degraded
[2026-06-15T22:45:28.266Z][BackupMonitor(:3001→:3000)] 🔴 FAILOVER DÉCLENCHÉ — {"event":"failover","failed_target":"http://localhost:3000","consecutive_fails":3,"triggered_at":"2026-06-15T22:45:28.266Z","last_error":"HTTP undefined","monitor":"BackupMonitor(:3001→:3000)"}
[2026-06-15T22:45:28.267Z][secondary:3001] 🔴 FAILOVER — principal hors ligne. Ce serveur devient PRINCIPAL.
[2026-06-15T22:45:28.267Z][secondary:3001]    Raison : HTTP undefined | 3 échecs consécutifs
[2026-06-15T22:45:28.267Z][secondary:3001] 💔 Ping principal échoué (2ms) — échecs: 3/3
[2026-06-15T22:45:33.279Z][BackupMonitor(:3001→:3000)] ✗ PING ÉCHOUÉ #4/3 (HTTP undefined) — statut: offline
[2026-06-15T22:45:33.279Z][secondary:3001] 💔 Ping principal échoué (9ms) — échecs: 4/3
[2026-06-15T22:45:38.274Z][BackupMonitor(:3001→:3000)] ✗ PING ÉCHOUÉ #5/3 (HTTP undefined) — statut: offline
[2026-06-15T22:45:38.275Z][secondary:3001] 💔 Ping principal échoué (3ms) — échecs: 5/3
[2026-06-15T22:45:43.284Z][BackupMonitor(:3001→:3000)] ✗ PING ÉCHOUÉ #6/3 (HTTP undefined) — statut: offline
[2026-06-15T22:45:43.285Z][secondary:3001] 💔 Ping principal échoué (2ms) — échecs: 6/3
[2026-06-15T22:45:48.289Z][BackupMonitor(:3001→:3000)] ✗ PING ÉCHOUÉ #7/3 (HTTP undefined) — statut: offline
[2026-06-15T22:45:48.290Z][secondary:3001] 💔 Ping principal échoué (3ms) — échecs: 7/3
[2026-06-15T22:45:53.304Z][BackupMonitor(:3001→:3000)] ✗ PING ÉCHOUÉ #8/3 (HTTP undefined) — statut: offline
[2026-06-15T22:45:53.305Z][secondary:3001] 💔 Ping principal échoué (4ms) — échecs: 8/3
[2026-06-15T22:45:58.306Z][BackupMonitor(:3001→:3000)] ✗ PING ÉCHOUÉ #9/3 (HTTP undefined) — statut: offline
[2026-06-15T22:45:58.306Z][secondary:3001] 💔 Ping principal échoué (4ms) — échecs: 9/3
[2026-06-15T22:46:03.316Z][BackupMonitor(:3001→:3000)] ✗ PING ÉCHOUÉ #10/3 (HTTP undefined) — statut: offline
[2026-06-15T22:46:03.317Z][secondary:3001] 💔 Ping principal échoué (3ms) — échecs: 10/3
[2026-06-15T22:46:08.319Z][BackupMonitor(:3001→:3000)] ✗ PING ÉCHOUÉ #11/3 (HTTP undefined) — statut: offline
[2026-06-15T22:46:08.320Z][secondary:3001] 💔 Ping principal échoué (2ms) — échecs: 11/3
[2026-06-15T22:46:13.331Z][BackupMonitor(:3001→:3000)] ✗ PING ÉCHOUÉ #12/3 (HTTP undefined) — statut: offline
[2026-06-15T22:46:13.331Z][secondary:3001] 💔 Ping principal échoué (3ms) — échecs: 12/3
[2026-06-15T22:46:18.339Z][BackupMonitor(:3001→:3000)] ✗ PING ÉCHOUÉ #13/3 (HTTP undefined) — statut: offline
[2026-06-15T22:46:18.340Z][secondary:3001] 💔 Ping principal échoué (2ms) — échecs: 13/3
[2026-06-15T22:46:23.342Z][BackupMonitor(:3001→:3000)] ✗ PING ÉCHOUÉ #14/3 (HTTP undefined) — statut: offline
[2026-06-15T22:46:23.342Z][secondary:3001] 💔 Ping principal échoué (3ms) — échecs: 14/3
[2026-06-15T22:46:28.343Z][BackupMonitor(:3001→:3000)] ✗ PING ÉCHOUÉ #15/3 (HTTP undefined) — statut: offline
[2026-06-15T22:46:28.344Z][secondary:3001] 💔 Ping principal échoué (2ms) — échecs: 15/3
[2026-06-15T22:46:33.353Z][BackupMonitor(:3001→:3000)] ✗ PING ÉCHOUÉ #16/3 (HTTP undefined) — statut: offline
[2026-06-15T22:46:33.354Z][secondary:3001] 💔 Ping principal échoué (2ms) — échecs: 16/3
[2026-06-15T22:46:38.368Z][BackupMonitor(:3001→:3000)] ✗ PING ÉCHOUÉ #17/3 (HTTP undefined) — statut: offline
[2026-06-15T22:46:38.368Z][secondary:3001] 💔 Ping principal échoué (3ms) — échecs: 17/3
[2026-06-15T22:46:43.369Z][BackupMonitor(:3001→:3000)] ✗ PING ÉCHOUÉ #18/3 (HTTP undefined) — statut: offline
[2026-06-15T22:46:43.369Z][secondary:3001] 💔 Ping principal échoué (3ms) — échecs: 18/3
[2026-06-15T22:46:48.377Z][BackupMonitor(:3001→:3000)] ✗ PING ÉCHOUÉ #19/3 (HTTP undefined) — statut: offline
[2026-06-15T22:46:48.377Z][secondary:3001] 💔 Ping principal échoué (2ms) — échecs: 19/3
[2026-06-15T22:46:53.390Z][BackupMonitor(:3001→:3000)] ✗ PING ÉCHOUÉ #20/3 (HTTP undefined) — statut: offline
[2026-06-15T22:46:53.390Z][secondary:3001] 💔 Ping principal échoué (2ms) — échecs: 20/3
[2026-06-15T22:46:58.403Z][BackupMonitor(:3001→:3000)] ✗ PING ÉCHOUÉ #21/3 (HTTP undefined) — statut: offline
[2026-06-15T22:46:58.403Z][secondary:3001] 💔 Ping principal échoué (2ms) — échecs: 21/3
[2026-06-15T22:47:03.410Z][BackupMonitor(:3001→:3000)] ✗ PING ÉCHOUÉ #22/3 (HTTP undefined) — statut: offline
[2026-06-15T22:47:03.410Z][secondary:3001] 💔 Ping principal échoué (3ms) — échecs: 22/3
[2026-06-15T22:47:08.417Z][BackupMonitor(:3001→:3000)] ✗ PING ÉCHOUÉ #23/3 (HTTP undefined) — statut: offline
[2026-06-15T22:47:08.417Z][secondary:3001] 💔 Ping principal échoué (2ms) — échecs: 23/3
[2026-06-15T22:47:13.423Z][BackupMonitor(:3001→:3000)] ✗ PING ÉCHOUÉ #24/3 (HTTP undefined) — statut: offline
[2026-06-15T22:47:13.424Z][secondary:3001] 💔 Ping principal échoué (2ms) — échecs: 24/3
[2026-06-15T22:47:18.429Z][BackupMonitor(:3001→:3000)] ✗ PING ÉCHOUÉ #25/3 (HTTP undefined) — statut: offline
[2026-06-15T22:47:18.429Z][secondary:3001] 💔 Ping principal échoué (3ms) — échecs: 25/3
[2026-06-15T22:47:23.435Z][BackupMonitor(:3001→:3000)] ✗ PING ÉCHOUÉ #26/3 (HTTP undefined) — statut: offline
[2026-06-15T22:47:23.436Z][secondary:3001] 💔 Ping principal échoué (3ms) — échecs: 26/3
[2026-06-15T22:47:28.444Z][BackupMonitor(:3001→:3000)] ✗ PING ÉCHOUÉ #27/3 (HTTP undefined) — statut: offline
[2026-06-15T22:47:28.444Z][secondary:3001] 💔 Ping principal échoué (3ms) — échecs: 27/3
[2026-06-15T22:47:33.446Z][BackupMonitor(:3001→:3000)] ✗ PING ÉCHOUÉ #28/3 (HTTP undefined) — statut: offline
[2026-06-15T22:47:33.446Z][secondary:3001] 💔 Ping principal échoué (2ms) — échecs: 28/3
[2026-06-15T22:47:38.456Z][BackupMonitor(:3001→:3000)] ✗ PING ÉCHOUÉ #29/3 (HTTP undefined) — statut: offline
[2026-06-15T22:47:38.457Z][secondary:3001] 💔 Ping principal échoué (3ms) — échecs: 29/3
[2026-06-15T22:47:43.456Z][BackupMonitor(:3001→:3000)] ✗ PING ÉCHOUÉ #30/3 (HTTP undefined) — statut: offline
[2026-06-15T22:47:43.457Z][secondary:3001] 💔 Ping principal échoué (2ms) — échecs: 30/3
[2026-06-15T22:47:48.464Z][BackupMonitor(:3001→:3000)] ✗ PING ÉCHOUÉ #31/3 (HTTP undefined) — statut: offline
[2026-06-15T22:47:48.464Z][secondary:3001] 💔 Ping principal échoué (2ms) — échecs: 31/3
[2026-06-15T22:47:53.475Z][BackupMonitor(:3001→:3000)] ✗ PING ÉCHOUÉ #32/3 (HTTP undefined) — statut: offline
[2026-06-15T22:47:53.475Z][secondary:3001] 💔 Ping principal échoué (2ms) — échecs: 32/3
[2026-06-15T22:47:58.481Z][BackupMonitor(:3001→:3000)] ✗ PING ÉCHOUÉ #33/3 (HTTP undefined) — statut: offline
[2026-06-15T22:47:58.482Z][secondary:3001] 💔 Ping principal échoué (2ms) — échecs: 33/3
[2026-06-15T22:48:03.492Z][BackupMonitor(:3001→:3000)] ✗ PING ÉCHOUÉ #34/3 (HTTP undefined) — statut: offline
[2026-06-15T22:48:03.492Z][secondary:3001] 💔 Ping principal échoué (3ms) — échecs: 34/3
[2026-06-15T22:48:08.498Z][BackupMonitor(:3001→:3000)] ✗ PING ÉCHOUÉ #35/3 (HTTP undefined) — statut: offline
[2026-06-15T22:48:08.498Z][secondary:3001] 💔 Ping principal échoué (2ms) — échecs: 35/3
[2026-06-15T22:48:13.511Z][BackupMonitor(:3001→:3000)] ✗ PING ÉCHOUÉ #36/3 (HTTP undefined) — statut: offline
[2026-06-15T22:48:13.511Z][secondary:3001] 💔 Ping principal échoué (3ms) — échecs: 36/3
[2026-06-15T22:48:18.518Z][BackupMonitor(:3001→:3000)] ✗ PING ÉCHOUÉ #37/3 (HTTP undefined) — statut: offline
[2026-06-15T22:48:18.518Z][secondary:3001] 💔 Ping principal échoué (2ms) — échecs: 37/3
[2026-06-15T22:48:23.518Z][BackupMonitor(:3001→:3000)] ✗ PING ÉCHOUÉ #38/3 (HTTP undefined) — statut: offline
[2026-06-15T22:48:23.519Z][secondary:3001] 💔 Ping principal échoué (2ms) — échecs: 38/3
[2026-06-15T22:48:28.519Z][BackupMonitor(:3001→:3000)] ✗ PING ÉCHOUÉ #39/3 (HTTP undefined) — statut: offline
[2026-06-15T22:48:28.520Z][secondary:3001] 💔 Ping principal échoué (2ms) — échecs: 39/3
[2026-06-15T22:48:33.519Z][BackupMonitor(:3001→:3000)] ✗ PING ÉCHOUÉ #40/3 (HTTP undefined) — statut: offline
[2026-06-15T22:48:33.520Z][secondary:3001] 💔 Ping principal échoué (2ms) — échecs: 40/3
[2026-06-15T22:48:38.533Z][BackupMonitor(:3001→:3000)] ✗ PING ÉCHOUÉ #41/3 (HTTP undefined) — statut: offline
[2026-06-15T22:48:38.533Z][secondary:3001] 💔 Ping principal échoué (2ms) — échecs: 41/3
[2026-06-15T22:48:43.533Z][BackupMonitor(:3001→:3000)] ✗ PING ÉCHOUÉ #42/3 (HTTP undefined) — statut: offline
[2026-06-15T22:48:43.534Z][secondary:3001] 💔 Ping principal échoué (2ms) — échecs: 42/3
[2026-06-15T22:48:48.534Z][BackupMonitor(:3001→:3000)] ✗ PING ÉCHOUÉ #43/3 (HTTP undefined) — statut: offline
[2026-06-15T22:48:48.534Z][secondary:3001] 💔 Ping principal échoué (2ms) — échecs: 43/3
[2026-06-15T22:48:53.547Z][BackupMonitor(:3001→:3000)] ✗ PING ÉCHOUÉ #44/3 (HTTP undefined) — statut: offline
[2026-06-15T22:48:53.547Z][secondary:3001] 💔 Ping principal échoué (2ms) — échecs: 44/3
[2026-06-15T22:48:58.558Z][BackupMonitor(:3001→:3000)] ✗ PING ÉCHOUÉ #45/3 (HTTP undefined) — statut: offline
[2026-06-15T22:48:58.559Z][secondary:3001] 💔 Ping principal échoué (2ms) — échecs: 45/3
[2026-06-15T22:49:03.560Z][BackupMonitor(:3001→:3000)] ✗ PING ÉCHOUÉ #46/3 (HTTP undefined) — statut: offline
[2026-06-15T22:49:03.560Z][secondary:3001] 💔 Ping principal échoué (2ms) — échecs: 46/3
[2026-06-15T22:49:08.565Z][BackupMonitor(:3001→:3000)] ✗ PING ÉCHOUÉ #47/3 (HTTP undefined) — statut: offline
[2026-06-15T22:49:08.565Z][secondary:3001] 💔 Ping principal échoué (3ms) — échecs: 47/3
[2026-06-15T22:49:13.572Z][BackupMonitor(:3001→:3000)] ✗ PING ÉCHOUÉ #48/3 (HTTP undefined) — statut: offline
[2026-06-15T22:49:13.572Z][secondary:3001] 💔 Ping principal échoué (2ms) — échecs: 48/3
[2026-06-15T22:49:18.573Z][BackupMonitor(:3001→:3000)] ✗ PING ÉCHOUÉ #49/3 (HTTP undefined) — statut: offline
[2026-06-15T22:49:18.573Z][secondary:3001] 💔 Ping principal échoué (3ms) — échecs: 49/3
[2026-06-15T22:49:23.609Z][BackupMonitor(:3001→:3000)] ✗ PING ÉCHOUÉ #50/3 (HTTP undefined) — statut: offline
[2026-06-15T22:49:23.610Z][secondary:3001] 💔 Ping principal échoué (18ms) — échecs: 50/3
[2026-06-15T22:49:24.408Z][secondary:3001] Signal SIGINT reçu — arrêt du HeartbeatMonitor...
[2026-06-15T22:49:24.409Z][BackupMonitor(:3001→:3000)] Surveillance arrêtée.
[2026-06-15T22:56:34.068Z][secondary:3001] ✅ SERVEUR BACKUP v2 démarré sur http://localhost:3001
[2026-06-15T22:56:34.074Z][secondary:3001]    Surveillance du principal : http://localhost:3000
[2026-06-15T22:56:34.074Z][secondary:3001]    Failover threshold : 3 échecs | Intervalle : 5000ms
[2026-06-15T22:56:34.075Z][secondary:3001]    Endpoints : /v1/events | /v1/reports | /v1/alerts/sync | /status | /healthz
[2026-06-15T22:56:34.077Z][BackupMonitor(:3001→:3000)] Démarrage surveillance → http://localhost:3000 (intervalle 5000ms)
[2026-06-15T22:56:34.147Z][secondary:3001]    HeartbeatMonitor démarré → http://localhost:3000/healthz
[2026-06-15T22:56:34.190Z][BackupMonitor(:3001→:3000)] ✓ PING OK (111ms) — statut: online
[2026-06-15T22:56:39.166Z][BackupMonitor(:3001→:3000)] ✓ PING OK (5ms) — statut: online
[2026-06-15T22:56:44.168Z][BackupMonitor(:3001→:3000)] ✓ PING OK (7ms) — statut: online
[2026-06-15T22:56:49.195Z][BackupMonitor(:3001→:3000)] ✓ PING OK (31ms) — statut: online
[2026-06-15T22:56:54.173Z][BackupMonitor(:3001→:3000)] ✓ PING OK (9ms) — statut: online
[2026-06-15T22:56:59.178Z][BackupMonitor(:3001→:3000)] ✓ PING OK (6ms) — statut: online
[2026-06-15T22:57:04.183Z][BackupMonitor(:3001→:3000)] ✓ PING OK (5ms) — statut: online
[2026-06-15T22:57:09.193Z][BackupMonitor(:3001→:3000)] ✓ PING OK (7ms) — statut: online
[2026-06-15T22:57:14.206Z][BackupMonitor(:3001→:3000)] ✓ PING OK (8ms) — statut: online
[2026-06-15T22:57:19.219Z][BackupMonitor(:3001→:3000)] ✗ PING ÉCHOUÉ #1/3 (HTTP undefined) — statut: online
[2026-06-15T22:57:19.220Z][secondary:3001] 💔 Ping principal échoué (6ms) — échecs: 1/3
[2026-06-15T22:57:24.219Z][BackupMonitor(:3001→:3000)] ✗ PING ÉCHOUÉ #2/3 (HTTP undefined) — statut: degraded
[2026-06-15T22:57:24.220Z][secondary:3001] 💔 Ping principal échoué (3ms) — échecs: 2/3
[2026-06-15T22:57:29.229Z][BackupMonitor(:3001→:3000)] ✗ PING ÉCHOUÉ #3/3 (HTTP undefined) — statut: degraded
[2026-06-15T22:57:29.231Z][BackupMonitor(:3001→:3000)] 🔴 FAILOVER DÉCLENCHÉ — {"event":"failover","failed_target":"http://localhost:3000","consecutive_fails":3,"triggered_at":"2026-06-15T22:57:29.230Z","last_error":"HTTP undefined","monitor":"BackupMonitor(:3001→:3000)"}
[2026-06-15T22:57:29.232Z][secondary:3001] 🔴 FAILOVER — principal hors ligne. Ce serveur devient PRINCIPAL.
[2026-06-15T22:57:29.232Z][secondary:3001]    Raison : HTTP undefined | 3 échecs consécutifs
[2026-06-15T22:57:29.233Z][secondary:3001] 💔 Ping principal échoué (3ms) — échecs: 3/3
[2026-06-15T22:57:34.242Z][BackupMonitor(:3001→:3000)] ✗ PING ÉCHOUÉ #4/3 (HTTP undefined) — statut: offline
[2026-06-15T22:57:34.243Z][secondary:3001] 💔 Ping principal échoué (2ms) — échecs: 4/3
[2026-06-15T22:57:39.259Z][BackupMonitor(:3001→:3000)] ✓ PING OK (5ms) — statut: online
[2026-06-15T22:57:44.272Z][BackupMonitor(:3001→:3000)] ✓ PING OK (4ms) — statut: online
[2026-06-15T22:57:49.288Z][BackupMonitor(:3001→:3000)] ✓ PING OK (5ms) — statut: online
[2026-06-15T22:57:54.293Z][BackupMonitor(:3001→:3000)] ✓ PING OK (6ms) — statut: online
[2026-06-15T22:57:59.296Z][BackupMonitor(:3001→:3000)] ✓ PING OK (4ms) — statut: online
[2026-06-15T22:58:04.304Z][BackupMonitor(:3001→:3000)] ✓ PING OK (5ms) — statut: online
[2026-06-15T22:58:09.304Z][BackupMonitor(:3001→:3000)] ✓ PING OK (4ms) — statut: online
[2026-06-15T22:58:14.307Z][BackupMonitor(:3001→:3000)] ✓ PING OK (6ms) — statut: online
[2026-06-15T22:58:19.310Z][BackupMonitor(:3001→:3000)] ✓ PING OK (4ms) — statut: online
[2026-06-15T22:58:24.314Z][BackupMonitor(:3001→:3000)] ✓ PING OK (4ms) — statut: online
[2026-06-15T22:58:29.327Z][BackupMonitor(:3001→:3000)] ✓ PING OK (7ms) — statut: online
[2026-06-15T22:58:34.331Z][BackupMonitor(:3001→:3000)] ✓ PING OK (4ms) — statut: online
[2026-06-15T22:58:39.341Z][BackupMonitor(:3001→:3000)] ✓ PING OK (4ms) — statut: online
[2026-06-15T22:58:44.350Z][BackupMonitor(:3001→:3000)] ✓ PING OK (5ms) — statut: online
[2026-06-15T22:58:49.363Z][BackupMonitor(:3001→:3000)] ✓ PING OK (6ms) — statut: online
[2026-06-15T22:58:54.374Z][BackupMonitor(:3001→:3000)] ✓ PING OK (5ms) — statut: online
[2026-06-15T22:58:59.402Z][BackupMonitor(:3001→:3000)] ✓ PING OK (24ms) — statut: online
[2026-06-15T22:59:04.391Z][BackupMonitor(:3001→:3000)] ✓ PING OK (8ms) — statut: online
[2026-06-15T22:59:09.400Z][BackupMonitor(:3001→:3000)] ✓ PING OK (5ms) — statut: online
[2026-06-15T22:59:14.412Z][BackupMonitor(:3001→:3000)] ✓ PING OK (7ms) — statut: online
[2026-06-15T22:59:19.415Z][BackupMonitor(:3001→:3000)] ✓ PING OK (6ms) — statut: online
[2026-06-15T22:59:24.420Z][BackupMonitor(:3001→:3000)] ✓ PING OK (5ms) — statut: online
[2026-06-15T22:59:29.425Z][BackupMonitor(:3001→:3000)] ✓ PING OK (5ms) — statut: online
[2026-06-15T22:59:34.437Z][BackupMonitor(:3001→:3000)] ✓ PING OK (6ms) — statut: online
[2026-06-15T22:59:39.437Z][BackupMonitor(:3001→:3000)] ✓ PING OK (4ms) — statut: online
[2026-06-15T22:59:44.462Z][BackupMonitor(:3001→:3000)] ✓ PING OK (24ms) — statut: online
[2026-06-15T22:59:49.456Z][BackupMonitor(:3001→:3000)] ✓ PING OK (5ms) — statut: online
[2026-06-15T22:59:54.463Z][BackupMonitor(:3001→:3000)] ✓ PING OK (3ms) — statut: online
[2026-06-15T22:59:59.467Z][BackupMonitor(:3001→:3000)] ✓ PING OK (3ms) — statut: online
[2026-06-15T23:00:04.475Z][BackupMonitor(:3001→:3000)] ✓ PING OK (3ms) — statut: online
[2026-06-15T23:00:09.491Z][BackupMonitor(:3001→:3000)] ✓ PING OK (4ms) — statut: online
[2026-06-15T23:00:14.493Z][BackupMonitor(:3001→:3000)] ✓ PING OK (3ms) — statut: online
[2026-06-15T23:00:19.506Z][BackupMonitor(:3001→:3000)] ✓ PING OK (3ms) — statut: online
[2026-06-15T23:00:24.508Z][BackupMonitor(:3001→:3000)] ✓ PING OK (4ms) — statut: online
[2026-06-15T23:00:29.519Z][BackupMonitor(:3001→:3000)] ✓ PING OK (4ms) — statut: online
[2026-06-15T23:00:34.530Z][BackupMonitor(:3001→:3000)] ✓ PING OK (4ms) — statut: online
[2026-06-15T23:00:39.541Z][BackupMonitor(:3001→:3000)] ✓ PING OK (4ms) — statut: online
[2026-06-15T23:00:44.547Z][BackupMonitor(:3001→:3000)] ✓ PING OK (4ms) — statut: online
[2026-06-15T23:00:49.549Z][BackupMonitor(:3001→:3000)] ✓ PING OK (4ms) — statut: online
[2026-06-15T23:00:54.562Z][BackupMonitor(:3001→:3000)] ✓ PING OK (4ms) — statut: online
[2026-06-15T23:00:59.565Z][BackupMonitor(:3001→:3000)] ✓ PING OK (3ms) — statut: online
[2026-06-15T23:01:04.573Z][BackupMonitor(:3001→:3000)] ✓ PING OK (3ms) — statut: online
[2026-06-15T23:01:09.582Z][BackupMonitor(:3001→:3000)] ✓ PING OK (4ms) — statut: online
[2026-06-15T23:01:14.594Z][BackupMonitor(:3001→:3000)] ✓ PING OK (4ms) — statut: online
[2026-06-15T23:01:19.606Z][BackupMonitor(:3001→:3000)] ✓ PING OK (4ms) — statut: online
[2026-06-15T23:01:24.613Z][BackupMonitor(:3001→:3000)] ✓ PING OK (6ms) — statut: online
[2026-06-15T23:01:29.621Z][BackupMonitor(:3001→:3000)] ✓ PING OK (4ms) — statut: online
[2026-06-15T23:01:34.661Z][BackupMonitor(:3001→:3000)] ✓ PING OK (28ms) — statut: online
[2026-06-15T23:01:39.641Z][BackupMonitor(:3001→:3000)] ✓ PING OK (4ms) — statut: online
[2026-06-15T23:01:44.645Z][BackupMonitor(:3001→:3000)] ✓ PING OK (4ms) — statut: online
[2026-06-15T23:01:49.647Z][BackupMonitor(:3001→:3000)] ✓ PING OK (4ms) — statut: online
[2026-06-15T23:01:54.659Z][BackupMonitor(:3001→:3000)] ✓ PING OK (3ms) — statut: online
[2026-06-15T23:01:59.675Z][BackupMonitor(:3001→:3000)] ✓ PING OK (4ms) — statut: online
[2026-06-15T23:02:04.682Z][BackupMonitor(:3001→:3000)] ✓ PING OK (4ms) — statut: online
[2026-06-15T23:02:09.686Z][BackupMonitor(:3001→:3000)] ✓ PING OK (4ms) — statut: online
[2026-06-15T23:02:14.696Z][BackupMonitor(:3001→:3000)] ✓ PING OK (3ms) — statut: online
[2026-06-15T23:02:19.708Z][BackupMonitor(:3001→:3000)] ✓ PING OK (4ms) — statut: online
[2026-06-15T23:02:24.721Z][BackupMonitor(:3001→:3000)] ✗ PING ÉCHOUÉ #1/3 (HTTP undefined) — statut: online
[2026-06-15T23:02:24.721Z][secondary:3001] 💔 Ping principal échoué (3ms) — échecs: 1/3
[2026-06-15T23:02:29.720Z][BackupMonitor(:3001→:3000)] ✗ PING ÉCHOUÉ #2/3 (HTTP undefined) — statut: degraded
[2026-06-15T23:02:29.720Z][secondary:3001] 💔 Ping principal échoué (2ms) — échecs: 2/3
[2026-06-15T23:02:34.734Z][BackupMonitor(:3001→:3000)] ✗ PING ÉCHOUÉ #3/3 (HTTP undefined) — statut: degraded
[2026-06-15T23:02:34.735Z][BackupMonitor(:3001→:3000)] 🔴 FAILOVER DÉCLENCHÉ — {"event":"failover","failed_target":"http://localhost:3000","consecutive_fails":3,"triggered_at":"2026-06-15T23:02:34.735Z","last_error":"HTTP undefined","monitor":"BackupMonitor(:3001→:3000)"}
[2026-06-15T23:02:34.735Z][secondary:3001] 🔴 FAILOVER — principal hors ligne. Ce serveur devient PRINCIPAL.
[2026-06-15T23:02:34.735Z][secondary:3001]    Raison : HTTP undefined | 3 échecs consécutifs
[2026-06-15T23:02:34.735Z][secondary:3001] 💔 Ping principal échoué (2ms) — échecs: 3/3
[2026-06-15T23:02:39.749Z][BackupMonitor(:3001→:3000)] ✗ PING ÉCHOUÉ #4/3 (HTTP undefined) — statut: offline
[2026-06-15T23:02:39.750Z][secondary:3001] 💔 Ping principal échoué (3ms) — échecs: 4/3
[2026-06-15T23:02:44.752Z][BackupMonitor(:3001→:3000)] ✗ PING ÉCHOUÉ #5/3 (HTTP undefined) — statut: offline
[2026-06-15T23:02:44.752Z][secondary:3001] 💔 Ping principal échoué (3ms) — échecs: 5/3
[2026-06-15T23:02:49.766Z][BackupMonitor(:3001→:3000)] ✗ PING ÉCHOUÉ #6/3 (HTTP undefined) — statut: offline
[2026-06-15T23:02:49.767Z][secondary:3001] 💔 Ping principal échoué (3ms) — échecs: 6/3
[2026-06-15T23:02:54.779Z][BackupMonitor(:3001→:3000)] ✗ PING ÉCHOUÉ #7/3 (HTTP undefined) — statut: offline
[2026-06-15T23:02:54.779Z][secondary:3001] 💔 Ping principal échoué (3ms) — échecs: 7/3
[2026-06-15T23:02:59.795Z][BackupMonitor(:3001→:3000)] ✗ PING ÉCHOUÉ #8/3 (HTTP undefined) — statut: offline
[2026-06-15T23:02:59.795Z][secondary:3001] 💔 Ping principal échoué (4ms) — échecs: 8/3
[2026-06-15T23:03:04.795Z][BackupMonitor(:3001→:3000)] ✗ PING ÉCHOUÉ #9/3 (HTTP undefined) — statut: offline
[2026-06-15T23:03:04.795Z][secondary:3001] 💔 Ping principal échoué (3ms) — échecs: 9/3
[2026-06-15T23:03:09.802Z][BackupMonitor(:3001→:3000)] ✗ PING ÉCHOUÉ #10/3 (HTTP undefined) — statut: offline
[2026-06-15T23:03:09.802Z][secondary:3001] 💔 Ping principal échoué (3ms) — échecs: 10/3
[2026-06-15T23:03:14.817Z][BackupMonitor(:3001→:3000)] ✗ PING ÉCHOUÉ #11/3 (HTTP undefined) — statut: offline
[2026-06-15T23:03:14.817Z][secondary:3001] 💔 Ping principal échoué (3ms) — échecs: 11/3
[2026-06-15T23:03:19.823Z][BackupMonitor(:3001→:3000)] ✗ PING ÉCHOUÉ #12/3 (HTTP undefined) — statut: offline
[2026-06-15T23:03:19.823Z][secondary:3001] 💔 Ping principal échoué (8ms) — échecs: 12/3
[2026-06-15T23:03:24.825Z][BackupMonitor(:3001→:3000)] ✗ PING ÉCHOUÉ #13/3 (HTTP undefined) — statut: offline
[2026-06-15T23:03:24.825Z][secondary:3001] 💔 Ping principal échoué (4ms) — échecs: 13/3
[2026-06-15T23:03:29.828Z][BackupMonitor(:3001→:3000)] ✗ PING ÉCHOUÉ #14/3 (HTTP undefined) — statut: offline
[2026-06-15T23:03:29.828Z][secondary:3001] 💔 Ping principal échoué (3ms) — échecs: 14/3
[2026-06-15T23:03:34.840Z][BackupMonitor(:3001→:3000)] ✗ PING ÉCHOUÉ #15/3 (HTTP undefined) — statut: offline
[2026-06-15T23:03:34.840Z][secondary:3001] 💔 Ping principal échoué (2ms) — échecs: 15/3
[2026-06-15T23:03:39.843Z][BackupMonitor(:3001→:3000)] ✗ PING ÉCHOUÉ #16/3 (HTTP undefined) — statut: offline
[2026-06-15T23:03:39.843Z][secondary:3001] 💔 Ping principal échoué (3ms) — échecs: 16/3
[2026-06-15T23:03:44.846Z][BackupMonitor(:3001→:3000)] ✗ PING ÉCHOUÉ #17/3 (HTTP undefined) — statut: offline
[2026-06-15T23:03:44.847Z][secondary:3001] 💔 Ping principal échoué (2ms) — échecs: 17/3
[2026-06-15T23:03:49.855Z][BackupMonitor(:3001→:3000)] ✗ PING ÉCHOUÉ #18/3 (HTTP undefined) — statut: offline
[2026-06-15T23:03:49.856Z][secondary:3001] 💔 Ping principal échoué (3ms) — échecs: 18/3
[2026-06-15T23:03:54.857Z][BackupMonitor(:3001→:3000)] ✗ PING ÉCHOUÉ #19/3 (HTTP undefined) — statut: offline
[2026-06-15T23:03:54.858Z][secondary:3001] 💔 Ping principal échoué (3ms) — échecs: 19/3
[2026-06-15T23:03:59.869Z][BackupMonitor(:3001→:3000)] ✗ PING ÉCHOUÉ #20/3 (HTTP undefined) — statut: offline
[2026-06-15T23:03:59.869Z][secondary:3001] 💔 Ping principal échoué (2ms) — échecs: 20/3
[2026-06-15T23:04:04.881Z][BackupMonitor(:3001→:3000)] ✗ PING ÉCHOUÉ #21/3 (HTTP undefined) — statut: offline
[2026-06-15T23:04:04.882Z][secondary:3001] 💔 Ping principal échoué (4ms) — échecs: 21/3
[2026-06-15T23:04:09.886Z][BackupMonitor(:3001→:3000)] ✗ PING ÉCHOUÉ #22/3 (HTTP undefined) — statut: offline
[2026-06-15T23:04:09.886Z][secondary:3001] 💔 Ping principal échoué (3ms) — échecs: 22/3
[2026-06-15T23:04:14.887Z][BackupMonitor(:3001→:3000)] ✗ PING ÉCHOUÉ #23/3 (HTTP undefined) — statut: offline
[2026-06-15T23:04:14.888Z][secondary:3001] 💔 Ping principal échoué (2ms) — échecs: 23/3
[2026-06-15T23:04:17.794Z][secondary:3001] Signal SIGINT reçu — arrêt du HeartbeatMonitor...
[2026-06-15T23:04:17.795Z][BackupMonitor(:3001→:3000)] Surveillance arrêtée.
[2026-06-16T10:49:24.549Z][secondary:3001] ✅ SERVEUR BACKUP v2 démarré sur http://localhost:3001
[2026-06-16T10:49:24.552Z][secondary:3001]    Surveillance du principal : http://localhost:3000
[2026-06-16T10:49:24.553Z][secondary:3001]    Failover threshold : 3 échecs | Intervalle : 5000ms
[2026-06-16T10:49:24.553Z][secondary:3001]    Endpoints : /v1/events | /v1/reports | /v1/alerts/sync | /status | /healthz
[2026-06-16T10:49:24.554Z][BackupMonitor(:3001→:3000)] Démarrage surveillance → http://localhost:3000 (intervalle 5000ms)
[2026-06-16T10:49:24.594Z][secondary:3001]    HeartbeatMonitor démarré → http://localhost:3000/healthz
[2026-06-16T10:49:24.639Z][BackupMonitor(:3001→:3000)] ✓ PING OK (85ms) — statut: online
[2026-06-16T10:49:29.606Z][BackupMonitor(:3001→:3000)] ✓ PING OK (9ms) — statut: online
[2026-06-16T10:49:34.616Z][BackupMonitor(:3001→:3000)] ✓ PING OK (8ms) — statut: online
[2026-06-16T10:49:39.631Z][BackupMonitor(:3001→:3000)] ✓ PING OK (8ms) — statut: online
[2026-06-16T10:49:44.642Z][BackupMonitor(:3001→:3000)] ✓ PING OK (6ms) — statut: online
[2026-06-16T10:49:49.641Z][BackupMonitor(:3001→:3000)] ✓ PING OK (5ms) — statut: online
[2026-06-16T10:49:54.642Z][BackupMonitor(:3001→:3000)] ✓ PING OK (5ms) — statut: online
[2026-06-16T10:49:59.654Z][BackupMonitor(:3001→:3000)] ✓ PING OK (7ms) — statut: online
[2026-06-16T10:50:04.660Z][BackupMonitor(:3001→:3000)] ✓ PING OK (6ms) — statut: online
[2026-06-16T10:50:09.668Z][BackupMonitor(:3001→:3000)] ✓ PING OK (4ms) — statut: online
[2026-06-16T10:50:14.683Z][BackupMonitor(:3001→:3000)] ✓ PING OK (5ms) — statut: online
[2026-06-16T10:50:19.684Z][BackupMonitor(:3001→:3000)] ✓ PING OK (3ms) — statut: online
[2026-06-16T10:50:24.707Z][BackupMonitor(:3001→:3000)] ✓ PING OK (4ms) — statut: online
[2026-06-16T10:50:29.710Z][BackupMonitor(:3001→:3000)] ✓ PING OK (4ms) — statut: online
[2026-06-16T10:50:34.718Z][BackupMonitor(:3001→:3000)] ✓ PING OK (4ms) — statut: online
[2026-06-16T10:50:39.733Z][BackupMonitor(:3001→:3000)] ✓ PING OK (4ms) — statut: online
[2026-06-16T10:50:44.732Z][BackupMonitor(:3001→:3000)] ✓ PING OK (3ms) — statut: online
[2026-06-16T10:50:49.741Z][BackupMonitor(:3001→:3000)] ✓ PING OK (3ms) — statut: online
[2026-06-16T10:50:54.748Z][BackupMonitor(:3001→:3000)] ✓ PING OK (4ms) — statut: online
[2026-06-16T10:50:59.748Z][BackupMonitor(:3001→:3000)] ✓ PING OK (4ms) — statut: online
[2026-06-16T10:51:04.748Z][BackupMonitor(:3001→:3000)] ✓ PING OK (4ms) — statut: online
[2026-06-16T10:51:09.761Z][BackupMonitor(:3001→:3000)] ✓ PING OK (4ms) — statut: online
[2026-06-16T10:51:14.769Z][BackupMonitor(:3001→:3000)] ✓ PING OK (4ms) — statut: online
[2026-06-16T10:51:19.782Z][BackupMonitor(:3001→:3000)] ✓ PING OK (5ms) — statut: online
[2026-06-16T10:51:24.802Z][BackupMonitor(:3001→:3000)] ✓ PING OK (7ms) — statut: online
[2026-06-16T10:51:29.804Z][BackupMonitor(:3001→:3000)] ✓ PING OK (4ms) — statut: online
[2026-06-16T10:51:34.816Z][BackupMonitor(:3001→:3000)] ✓ PING OK (7ms) — statut: online
[2026-06-16T10:51:39.817Z][BackupMonitor(:3001→:3000)] ✓ PING OK (5ms) — statut: online
[2026-06-16T10:51:44.832Z][BackupMonitor(:3001→:3000)] ✓ PING OK (6ms) — statut: online
[2026-06-16T10:51:49.832Z][BackupMonitor(:3001→:3000)] ✓ PING OK (3ms) — statut: online
[2026-06-16T10:51:54.846Z][BackupMonitor(:3001→:3000)] ✓ PING OK (4ms) — statut: online
[2026-06-16T10:51:59.858Z][BackupMonitor(:3001→:3000)] ✓ PING OK (2ms) — statut: online
[2026-06-16T10:52:04.866Z][BackupMonitor(:3001→:3000)] ✓ PING OK (4ms) — statut: online
[2026-06-16T10:52:09.871Z][BackupMonitor(:3001→:3000)] ✓ PING OK (5ms) — statut: online
[2026-06-16T10:52:14.874Z][BackupMonitor(:3001→:3000)] ✓ PING OK (4ms) — statut: online
[2026-06-16T10:52:19.913Z][BackupMonitor(:3001→:3000)] ✓ PING OK (20ms) — statut: online
[2026-06-16T10:52:24.934Z][BackupMonitor(:3001→:3000)] ✓ PING OK (21ms) — statut: online
[2026-06-16T10:52:29.935Z][BackupMonitor(:3001→:3000)] ✓ PING OK (5ms) — statut: online
[2026-06-16T10:52:34.941Z][BackupMonitor(:3001→:3000)] ✓ PING OK (7ms) — statut: online
[2026-06-16T10:52:39.945Z][BackupMonitor(:3001→:3000)] ✓ PING OK (3ms) — statut: online
[2026-06-16T10:52:44.953Z][BackupMonitor(:3001→:3000)] ✓ PING OK (3ms) — statut: online
[2026-06-16T10:52:49.971Z][BackupMonitor(:3001→:3000)] ✓ PING OK (8ms) — statut: online
[2026-06-16T10:52:55.100Z][BackupMonitor(:3001→:3000)] ✓ PING OK (53ms) — statut: online
[2026-06-16T10:53:00.058Z][BackupMonitor(:3001→:3000)] ✓ PING OK (2ms) — statut: online
[2026-06-16T10:53:05.093Z][BackupMonitor(:3001→:3000)] ✓ PING OK (7ms) — statut: online
[2026-06-16T10:53:10.092Z][BackupMonitor(:3001→:3000)] ✓ PING OK (4ms) — statut: online
[2026-06-16T10:53:15.104Z][BackupMonitor(:3001→:3000)] ✓ PING OK (4ms) — statut: online
[2026-06-16T10:53:20.104Z][BackupMonitor(:3001→:3000)] ✓ PING OK (3ms) — statut: online
[2026-06-16T10:53:25.116Z][BackupMonitor(:3001→:3000)] ✓ PING OK (6ms) — statut: online
[2026-06-16T10:53:30.119Z][BackupMonitor(:3001→:3000)] ✓ PING OK (3ms) — statut: online
[2026-06-16T10:53:35.121Z][BackupMonitor(:3001→:3000)] ✓ PING OK (5ms) — statut: online
[2026-06-16T10:53:40.133Z][BackupMonitor(:3001→:3000)] ✓ PING OK (5ms) — statut: online
[2026-06-16T10:53:45.151Z][BackupMonitor(:3001→:3000)] ✓ PING OK (8ms) — statut: online
[2026-06-16T10:53:50.157Z][BackupMonitor(:3001→:3000)] ✓ PING OK (4ms) — statut: online
[2026-06-16T10:53:55.162Z][BackupMonitor(:3001→:3000)] ✓ PING OK (4ms) — statut: online
[2026-06-16T10:54:00.175Z][BackupMonitor(:3001→:3000)] ✓ PING OK (6ms) — statut: online
[2026-06-16T10:54:05.173Z][BackupMonitor(:3001→:3000)] ✓ PING OK (3ms) — statut: online
[2026-06-16T10:54:10.175Z][BackupMonitor(:3001→:3000)] ✓ PING OK (4ms) — statut: online
[2026-06-16T10:54:15.186Z][BackupMonitor(:3001→:3000)] ✓ PING OK (8ms) — statut: online
[2026-06-16T10:54:20.185Z][BackupMonitor(:3001→:3000)] ✓ PING OK (3ms) — statut: online
[2026-06-16T10:54:25.202Z][BackupMonitor(:3001→:3000)] ✓ PING OK (5ms) — statut: online
[2026-06-16T10:54:30.215Z][BackupMonitor(:3001→:3000)] ✓ PING OK (11ms) — statut: online
[2026-06-16T10:54:35.219Z][BackupMonitor(:3001→:3000)] ✓ PING OK (7ms) — statut: online
[2026-06-16T10:54:40.226Z][BackupMonitor(:3001→:3000)] ✓ PING OK (3ms) — statut: online
[2026-06-16T10:54:45.230Z][BackupMonitor(:3001→:3000)] ✓ PING OK (5ms) — statut: online
[2026-06-16T10:54:50.254Z][BackupMonitor(:3001→:3000)] ✓ PING OK (18ms) — statut: online
[2026-06-16T10:54:55.255Z][BackupMonitor(:3001→:3000)] ✓ PING OK (8ms) — statut: online
[2026-06-16T10:55:00.392Z][BackupMonitor(:3001→:3000)] ✓ PING OK (103ms) — statut: online
[2026-06-16T10:55:05.391Z][BackupMonitor(:3001→:3000)] ✓ PING OK (61ms) — statut: online
[2026-06-16T10:55:10.353Z][BackupMonitor(:3001→:3000)] ✓ PING OK (3ms) — statut: online
[2026-06-16T10:55:15.371Z][BackupMonitor(:3001→:3000)] ✓ PING OK (4ms) — statut: online
[2026-06-16T10:55:20.387Z][BackupMonitor(:3001→:3000)] ✓ PING OK (5ms) — statut: online
[2026-06-16T10:55:25.397Z][BackupMonitor(:3001→:3000)] ✓ PING OK (9ms) — statut: online
[2026-06-16T10:55:30.403Z][BackupMonitor(:3001→:3000)] ✓ PING OK (4ms) — statut: online
[2026-06-16T10:55:35.415Z][BackupMonitor(:3001→:3000)] ✓ PING OK (4ms) — statut: online
[2026-06-16T10:55:40.417Z][BackupMonitor(:3001→:3000)] ✓ PING OK (4ms) — statut: online
[2026-06-16T10:55:45.438Z][BackupMonitor(:3001→:3000)] ✓ PING OK (4ms) — statut: online
[2026-06-16T10:55:50.438Z][BackupMonitor(:3001→:3000)] ✓ PING OK (3ms) — statut: online
[2026-06-16T10:55:55.451Z][BackupMonitor(:3001→:3000)] ✓ PING OK (4ms) — statut: online
[2026-06-16T10:56:00.459Z][BackupMonitor(:3001→:3000)] ✓ PING OK (4ms) — statut: online
[2026-06-16T10:56:05.459Z][BackupMonitor(:3001→:3000)] ✓ PING OK (4ms) — statut: online
[2026-06-16T10:56:10.470Z][BackupMonitor(:3001→:3000)] ✓ PING OK (5ms) — statut: online
[2026-06-16T10:56:15.473Z][BackupMonitor(:3001→:3000)] ✓ PING OK (4ms) — statut: online
[2026-06-16T10:56:20.488Z][BackupMonitor(:3001→:3000)] ✓ PING OK (4ms) — statut: online
[2026-06-16T10:56:25.500Z][BackupMonitor(:3001→:3000)] ✓ PING OK (7ms) — statut: online
[2026-06-16T10:56:30.496Z][BackupMonitor(:3001→:3000)] ✓ PING OK (4ms) — statut: online
[2026-06-16T10:56:35.504Z][BackupMonitor(:3001→:3000)] ✓ PING OK (4ms) — statut: online
[2026-06-16T10:56:40.510Z][BackupMonitor(:3001→:3000)] ✓ PING OK (4ms) — statut: online
[2026-06-16T10:56:45.519Z][BackupMonitor(:3001→:3000)] ✓ PING OK (3ms) — statut: online
[2026-06-16T10:56:50.521Z][BackupMonitor(:3001→:3000)] ✓ PING OK (3ms) — statut: online
[2026-06-16T10:56:55.521Z][BackupMonitor(:3001→:3000)] ✓ PING OK (3ms) — statut: online
[2026-06-16T10:57:00.529Z][BackupMonitor(:3001→:3000)] ✓ PING OK (5ms) — statut: online
[2026-06-16T10:57:05.537Z][BackupMonitor(:3001→:3000)] ✓ PING OK (4ms) — statut: online
[2026-06-16T10:57:10.552Z][BackupMonitor(:3001→:3000)] ✓ PING OK (5ms) — statut: online
[2026-06-16T10:57:15.566Z][BackupMonitor(:3001→:3000)] ✓ PING OK (5ms) — statut: online
[2026-06-16T10:57:20.573Z][BackupMonitor(:3001→:3000)] ✓ PING OK (3ms) — statut: online
[2026-06-16T10:57:25.581Z][BackupMonitor(:3001→:3000)] ✓ PING OK (4ms) — statut: online
[2026-06-16T10:57:30.591Z][BackupMonitor(:3001→:3000)] ✓ PING OK (4ms) — statut: online
[2026-06-16T10:57:35.594Z][BackupMonitor(:3001→:3000)] ✓ PING OK (3ms) — statut: online
[2026-06-16T10:57:40.603Z][BackupMonitor(:3001→:3000)] ✓ PING OK (4ms) — statut: online
[2026-06-16T10:57:45.610Z][BackupMonitor(:3001→:3000)] ✓ PING OK (4ms) — statut: online
[2026-06-16T10:57:50.621Z][BackupMonitor(:3001→:3000)] ✓ PING OK (4ms) — statut: online
[2026-06-16T10:57:55.632Z][BackupMonitor(:3001→:3000)] ✓ PING OK (4ms) — statut: online
[2026-06-16T10:58:00.640Z][BackupMonitor(:3001→:3000)] ✓ PING OK (4ms) — statut: online
[2026-06-16T10:58:05.648Z][BackupMonitor(:3001→:3000)] ✓ PING OK (4ms) — statut: online
[2026-06-16T10:58:10.648Z][BackupMonitor(:3001→:3000)] ✓ PING OK (3ms) — statut: online
[2026-06-16T10:58:15.650Z][BackupMonitor(:3001→:3000)] ✓ PING OK (3ms) — statut: online
[2026-06-16T10:58:20.651Z][BackupMonitor(:3001→:3000)] ✓ PING OK (4ms) — statut: online
[2026-06-16T10:58:25.658Z][BackupMonitor(:3001→:3000)] ✓ PING OK (3ms) — statut: online
[2026-06-16T10:58:30.664Z][BackupMonitor(:3001→:3000)] ✓ PING OK (4ms) — statut: online
[2026-06-16T10:58:35.676Z][BackupMonitor(:3001→:3000)] ✓ PING OK (4ms) — statut: online
[2026-06-16T10:58:40.679Z][BackupMonitor(:3001→:3000)] ✓ PING OK (3ms) — statut: online
[2026-06-16T10:58:45.682Z][BackupMonitor(:3001→:3000)] ✓ PING OK (5ms) — statut: online
[2026-06-16T10:58:50.689Z][BackupMonitor(:3001→:3000)] ✓ PING OK (4ms) — statut: online
[2026-06-16T10:58:55.710Z][BackupMonitor(:3001→:3000)] ✓ PING OK (5ms) — statut: online
[2026-06-16T10:59:00.715Z][BackupMonitor(:3001→:3000)] ✓ PING OK (3ms) — statut: online
[2026-06-16T10:59:05.729Z][BackupMonitor(:3001→:3000)] ✓ PING OK (2ms) — statut: online
[2026-06-16T10:59:10.733Z][BackupMonitor(:3001→:3000)] ✓ PING OK (6ms) — statut: online
[2026-06-16T10:59:15.741Z][BackupMonitor(:3001→:3000)] ✓ PING OK (4ms) — statut: online
[2026-06-16T10:59:20.744Z][BackupMonitor(:3001→:3000)] ✓ PING OK (3ms) — statut: online
[2026-06-16T10:59:25.753Z][BackupMonitor(:3001→:3000)] ✓ PING OK (3ms) — statut: online
[2026-06-16T10:59:30.756Z][BackupMonitor(:3001→:3000)] ✓ PING OK (3ms) — statut: online
[2026-06-16T10:59:35.759Z][BackupMonitor(:3001→:3000)] ✓ PING OK (3ms) — statut: online
[2026-06-16T10:59:40.762Z][BackupMonitor(:3001→:3000)] ✓ PING OK (3ms) — statut: online
[2026-06-16T10:59:45.776Z][BackupMonitor(:3001→:3000)] ✓ PING OK (3ms) — statut: online
[2026-06-16T10:59:50.778Z][BackupMonitor(:3001→:3000)] ✓ PING OK (3ms) — statut: online
[2026-06-16T10:59:55.790Z][BackupMonitor(:3001→:3000)] ✓ PING OK (4ms) — statut: online
[2026-06-16T11:00:00.799Z][BackupMonitor(:3001→:3000)] ✓ PING OK (5ms) — statut: online
[2026-06-16T11:00:05.812Z][BackupMonitor(:3001→:3000)] ✓ PING OK (4ms) — statut: online
[2026-06-16T11:00:10.825Z][BackupMonitor(:3001→:3000)] ✓ PING OK (3ms) — statut: online
[2026-06-16T11:00:15.840Z][BackupMonitor(:3001→:3000)] ✓ PING OK (4ms) — statut: online
[2026-06-16T11:00:20.846Z][BackupMonitor(:3001→:3000)] ✓ PING OK (3ms) — statut: online
[2026-06-16T11:00:25.850Z][BackupMonitor(:3001→:3000)] ✓ PING OK (3ms) — statut: online
[2026-06-16T11:00:30.855Z][BackupMonitor(:3001→:3000)] ✓ PING OK (4ms) — statut: online
[2026-06-16T11:00:35.865Z][BackupMonitor(:3001→:3000)] ✓ PING OK (4ms) — statut: online
[2026-06-16T11:00:40.880Z][BackupMonitor(:3001→:3000)] ✓ PING OK (4ms) — statut: online
[2026-06-16T11:00:45.883Z][BackupMonitor(:3001→:3000)] ✓ PING OK (3ms) — statut: online
[2026-06-16T11:00:50.898Z][BackupMonitor(:3001→:3000)] ✓ PING OK (4ms) — statut: online
[2026-06-16T11:00:55.912Z][BackupMonitor(:3001→:3000)] ✓ PING OK (4ms) — statut: online
[2026-06-16T11:01:00.924Z][BackupMonitor(:3001→:3000)] ✓ PING OK (4ms) — statut: online
[2026-06-16T11:01:05.935Z][BackupMonitor(:3001→:3000)] ✓ PING OK (3ms) — statut: online
[2026-06-16T11:01:10.949Z][BackupMonitor(:3001→:3000)] ✓ PING OK (4ms) — statut: online
[2026-06-16T11:01:15.951Z][BackupMonitor(:3001→:3000)] ✓ PING OK (4ms) — statut: online
[2026-06-16T11:01:20.966Z][BackupMonitor(:3001→:3000)] ✓ PING OK (4ms) — statut: online
[2026-06-16T11:01:25.970Z][BackupMonitor(:3001→:3000)] ✓ PING OK (3ms) — statut: online
[2026-06-16T11:01:30.981Z][BackupMonitor(:3001→:3000)] ✓ PING OK (4ms) — statut: online
[2026-06-16T11:01:35.993Z][BackupMonitor(:3001→:3000)] ✓ PING OK (3ms) — statut: online
[2026-06-16T11:01:40.998Z][BackupMonitor(:3001→:3000)] ✓ PING OK (4ms) — statut: online
[2026-06-16T11:01:46.011Z][BackupMonitor(:3001→:3000)] ✓ PING OK (3ms) — statut: online
[2026-06-16T11:01:51.022Z][BackupMonitor(:3001→:3000)] ✓ PING OK (3ms) — statut: online
[2026-06-16T11:01:56.023Z][BackupMonitor(:3001→:3000)] ✓ PING OK (3ms) — statut: online
[2026-06-16T11:02:01.037Z][BackupMonitor(:3001→:3000)] ✓ PING OK (4ms) — statut: online
[2026-06-16T11:02:06.046Z][BackupMonitor(:3001→:3000)] ✓ PING OK (4ms) — statut: online
[2026-06-16T11:02:11.050Z][BackupMonitor(:3001→:3000)] ✓ PING OK (4ms) — statut: online
[2026-06-16T11:02:16.051Z][BackupMonitor(:3001→:3000)] ✓ PING OK (4ms) — statut: online
[2026-06-16T11:02:21.057Z][BackupMonitor(:3001→:3000)] ✓ PING OK (5ms) — statut: online
[2026-06-16T11:02:26.063Z][BackupMonitor(:3001→:3000)] ✓ PING OK (5ms) — statut: online
[2026-06-16T11:02:31.076Z][BackupMonitor(:3001→:3000)] ✓ PING OK (4ms) — statut: online
[2026-06-16T11:02:36.089Z][BackupMonitor(:3001→:3000)] ✓ PING OK (4ms) — statut: online
[2026-06-16T11:02:41.101Z][BackupMonitor(:3001→:3000)] ✓ PING OK (5ms) — statut: online
[2026-06-16T11:02:46.115Z][BackupMonitor(:3001→:3000)] ✓ PING OK (5ms) — statut: online
[2026-06-16T11:02:51.126Z][BackupMonitor(:3001→:3000)] ✓ PING OK (3ms) — statut: online
[2026-06-16T11:02:56.140Z][BackupMonitor(:3001→:3000)] ✓ PING OK (4ms) — statut: online
[2026-06-16T11:03:01.145Z][BackupMonitor(:3001→:3000)] ✓ PING OK (3ms) — statut: online
[2026-06-16T11:03:06.154Z][BackupMonitor(:3001→:3000)] ✓ PING OK (3ms) — statut: online
[2026-06-16T11:03:11.163Z][BackupMonitor(:3001→:3000)] ✓ PING OK (5ms) — statut: online
[2026-06-16T11:03:16.173Z][BackupMonitor(:3001→:3000)] ✓ PING OK (4ms) — statut: online
[2026-06-16T11:03:21.175Z][BackupMonitor(:3001→:3000)] ✓ PING OK (3ms) — statut: online
[2026-06-16T11:03:26.189Z][BackupMonitor(:3001→:3000)] ✓ PING OK (4ms) — statut: online
[2026-06-16T11:03:31.189Z][BackupMonitor(:3001→:3000)] ✓ PING OK (3ms) — statut: online
[2026-06-16T11:03:36.201Z][BackupMonitor(:3001→:3000)] ✓ PING OK (4ms) — statut: online
[2026-06-16T11:03:41.216Z][BackupMonitor(:3001→:3000)] ✓ PING OK (4ms) — statut: online
[2026-06-16T11:03:46.289Z][BackupMonitor(:3001→:3000)] ✓ PING OK (39ms) — statut: online
[2026-06-16T11:03:51.255Z][BackupMonitor(:3001→:3000)] ✓ PING OK (3ms) — statut: online
[2026-06-16T11:03:56.260Z][BackupMonitor(:3001→:3000)] ✓ PING OK (4ms) — statut: online
[2026-06-16T11:04:01.272Z][BackupMonitor(:3001→:3000)] ✓ PING OK (4ms) — statut: online
[2026-06-16T11:04:06.278Z][BackupMonitor(:3001→:3000)] ✓ PING OK (4ms) — statut: online
[2026-06-16T11:04:11.283Z][BackupMonitor(:3001→:3000)] ✓ PING OK (4ms) — statut: online
[2026-06-16T11:04:16.297Z][BackupMonitor(:3001→:3000)] ✓ PING OK (4ms) — statut: online
[2026-06-16T11:04:21.302Z][BackupMonitor(:3001→:3000)] ✓ PING OK (3ms) — statut: online
[2026-06-16T11:04:26.313Z][BackupMonitor(:3001→:3000)] ✓ PING OK (4ms) — statut: online
[2026-06-16T11:04:31.324Z][BackupMonitor(:3001→:3000)] ✓ PING OK (4ms) — statut: online
[2026-06-16T11:04:36.338Z][BackupMonitor(:3001→:3000)] ✓ PING OK (4ms) — statut: online
[2026-06-16T11:04:41.351Z][BackupMonitor(:3001→:3000)] ✓ PING OK (4ms) — statut: online
[2026-06-16T11:04:46.356Z][BackupMonitor(:3001→:3000)] ✓ PING OK (4ms) — statut: online
[2026-06-16T11:04:51.369Z][BackupMonitor(:3001→:3000)] ✓ PING OK (4ms) — statut: online
[2026-06-16T11:04:56.373Z][BackupMonitor(:3001→:3000)] ✓ PING OK (3ms) — statut: online
[2026-06-16T11:05:01.379Z][BackupMonitor(:3001→:3000)] ✓ PING OK (3ms) — statut: online
[2026-06-16T11:05:06.387Z][BackupMonitor(:3001→:3000)] ✓ PING OK (5ms) — statut: online
[2026-06-16T11:05:11.400Z][BackupMonitor(:3001→:3000)] ✓ PING OK (5ms) — statut: online
[2026-06-16T11:05:16.404Z][BackupMonitor(:3001→:3000)] ✓ PING OK (4ms) — statut: online
[2026-06-16T11:05:21.408Z][BackupMonitor(:3001→:3000)] ✓ PING OK (1ms) — statut: online
[2026-06-16T11:05:26.422Z][BackupMonitor(:3001→:3000)] ✓ PING OK (2ms) — statut: online
[2026-06-16T11:05:31.437Z][BackupMonitor(:3001→:3000)] ✓ PING OK (2ms) — statut: online
[2026-06-16T11:05:36.449Z][BackupMonitor(:3001→:3000)] ✓ PING OK (4ms) — statut: online
[2026-06-16T11:05:41.460Z][BackupMonitor(:3001→:3000)] ✓ PING OK (5ms) — statut: online
[2026-06-16T11:05:46.472Z][BackupMonitor(:3001→:3000)] ✓ PING OK (4ms) — statut: online
[2026-06-16T11:05:51.482Z][BackupMonitor(:3001→:3000)] ✓ PING OK (4ms) — statut: online
[2026-06-16T11:05:56.483Z][BackupMonitor(:3001→:3000)] ✓ PING OK (3ms) — statut: online
[2026-06-16T11:06:01.496Z][BackupMonitor(:3001→:3000)] ✓ PING OK (3ms) — statut: online
[2026-06-16T11:06:06.511Z][BackupMonitor(:3001→:3000)] ✓ PING OK (4ms) — statut: online
[2026-06-16T11:06:11.525Z][BackupMonitor(:3001→:3000)] ✓ PING OK (4ms) — statut: online
[2026-06-16T11:06:16.529Z][BackupMonitor(:3001→:3000)] ✓ PING OK (4ms) — statut: online
[2026-06-16T11:06:21.537Z][BackupMonitor(:3001→:3000)] ✓ PING OK (3ms) — statut: online
[2026-06-16T11:06:26.549Z][BackupMonitor(:3001→:3000)] ✓ PING OK (3ms) — statut: online
[2026-06-16T11:06:31.563Z][BackupMonitor(:3001→:3000)] ✓ PING OK (4ms) — statut: online
[2026-06-16T11:06:36.566Z][BackupMonitor(:3001→:3000)] ✓ PING OK (4ms) — statut: online
[2026-06-16T11:06:41.573Z][BackupMonitor(:3001→:3000)] ✓ PING OK (4ms) — statut: online
[2026-06-16T11:06:46.584Z][BackupMonitor(:3001→:3000)] ✓ PING OK (4ms) — statut: online
[2026-06-16T11:06:51.586Z][BackupMonitor(:3001→:3000)] ✓ PING OK (4ms) — statut: online
[2026-06-16T11:06:56.589Z][BackupMonitor(:3001→:3000)] ✓ PING OK (4ms) — statut: online
[2026-06-16T11:07:01.600Z][BackupMonitor(:3001→:3000)] ✓ PING OK (4ms) — statut: online
[2026-06-16T11:07:06.610Z][BackupMonitor(:3001→:3000)] ✓ PING OK (4ms) — statut: online
[2026-06-16T11:07:11.622Z][BackupMonitor(:3001→:3000)] ✓ PING OK (4ms) — statut: online
[2026-06-16T11:07:16.634Z][BackupMonitor(:3001→:3000)] ✓ PING OK (4ms) — statut: online
[2026-06-16T11:07:21.636Z][BackupMonitor(:3001→:3000)] ✓ PING OK (3ms) — statut: online
[2026-06-16T11:07:26.638Z][BackupMonitor(:3001→:3000)] ✓ PING OK (3ms) — statut: online
[2026-06-16T11:07:31.653Z][BackupMonitor(:3001→:3000)] ✓ PING OK (4ms) — statut: online
[2026-06-16T11:07:36.660Z][BackupMonitor(:3001→:3000)] ✓ PING OK (3ms) — statut: online
[2026-06-16T11:07:41.674Z][BackupMonitor(:3001→:3000)] ✓ PING OK (4ms) — statut: online
[2026-06-16T11:07:46.689Z][BackupMonitor(:3001→:3000)] ✓ PING OK (4ms) — statut: online
[2026-06-16T11:07:51.693Z][BackupMonitor(:3001→:3000)] ✓ PING OK (3ms) — statut: online
[2026-06-16T11:07:56.703Z][BackupMonitor(:3001→:3000)] ✓ PING OK (6ms) — statut: online
[2026-06-16T11:08:01.704Z][BackupMonitor(:3001→:3000)] ✓ PING OK (3ms) — statut: online
[2026-06-16T11:08:06.718Z][BackupMonitor(:3001→:3000)] ✓ PING OK (4ms) — statut: online
[2026-06-16T11:08:11.727Z][BackupMonitor(:3001→:3000)] ✓ PING OK (4ms) — statut: online
[2026-06-16T11:08:16.742Z][BackupMonitor(:3001→:3000)] ✓ PING OK (4ms) — statut: online
[2026-06-16T11:08:21.756Z][BackupMonitor(:3001→:3000)] ✓ PING OK (4ms) — statut: online
[2026-06-16T11:08:26.759Z][BackupMonitor(:3001→:3000)] ✓ PING OK (3ms) — statut: online
[2026-06-16T11:08:31.765Z][BackupMonitor(:3001→:3000)] ✓ PING OK (4ms) — statut: online
[2026-06-16T11:08:36.772Z][BackupMonitor(:3001→:3000)] ✓ PING OK (3ms) — statut: online
[2026-06-16T11:08:41.778Z][BackupMonitor(:3001→:3000)] ✓ PING OK (4ms) — statut: online
[2026-06-16T11:08:46.793Z][BackupMonitor(:3001→:3000)] ✓ PING OK (3ms) — statut: online
[2026-06-16T11:08:51.795Z][BackupMonitor(:3001→:3000)] ✓ PING OK (4ms) — statut: online
[2026-06-16T11:08:56.807Z][BackupMonitor(:3001→:3000)] ✓ PING OK (3ms) — statut: online
[2026-06-16T11:09:01.820Z][BackupMonitor(:3001→:3000)] ✓ PING OK (4ms) — statut: online
[2026-06-16T11:09:06.823Z][BackupMonitor(:3001→:3000)] ✓ PING OK (3ms) — statut: online
[2026-06-16T11:09:11.836Z][BackupMonitor(:3001→:3000)] ✓ PING OK (4ms) — statut: online
[2026-06-16T11:09:16.850Z][BackupMonitor(:3001→:3000)] ✓ PING OK (4ms) — statut: online
[2026-06-16T11:09:21.865Z][BackupMonitor(:3001→:3000)] ✓ PING OK (3ms) — statut: online
[2026-06-16T11:09:26.869Z][BackupMonitor(:3001→:3000)] ✓ PING OK (3ms) — statut: online
[2026-06-16T11:09:31.882Z][BackupMonitor(:3001→:3000)] ✓ PING OK (4ms) — statut: online
[2026-06-16T11:09:36.894Z][BackupMonitor(:3001→:3000)] ✓ PING OK (3ms) — statut: online
[2026-06-16T11:09:41.910Z][BackupMonitor(:3001→:3000)] ✓ PING OK (4ms) — statut: online
[2026-06-16T11:09:46.916Z][BackupMonitor(:3001→:3000)] ✓ PING OK (4ms) — statut: online
[2026-06-16T11:09:51.918Z][BackupMonitor(:3001→:3000)] ✓ PING OK (4ms) — statut: online
[2026-06-16T11:09:56.933Z][BackupMonitor(:3001→:3000)] ✓ PING OK (3ms) — statut: online
[2026-06-16T11:10:01.939Z][BackupMonitor(:3001→:3000)] ✓ PING OK (3ms) — statut: online
[2026-06-16T11:10:06.949Z][BackupMonitor(:3001→:3000)] ✓ PING OK (4ms) — statut: online
[2026-06-16T11:10:11.954Z][BackupMonitor(:3001→:3000)] ✓ PING OK (4ms) — statut: online
[2026-06-16T11:10:16.959Z][BackupMonitor(:3001→:3000)] ✓ PING OK (4ms) — statut: online
[2026-06-16T11:10:21.971Z][BackupMonitor(:3001→:3000)] ✓ PING OK (4ms) — statut: online
[2026-06-16T11:10:26.973Z][BackupMonitor(:3001→:3000)] ✓ PING OK (4ms) — statut: online
[2026-06-16T11:10:31.976Z][BackupMonitor(:3001→:3000)] ✓ PING OK (3ms) — statut: online
[2026-06-16T11:10:36.989Z][BackupMonitor(:3001→:3000)] ✓ PING OK (4ms) — statut: online
[2026-06-16T11:10:41.994Z][BackupMonitor(:3001→:3000)] ✓ PING OK (3ms) — statut: online
[2026-06-16T11:10:47.000Z][BackupMonitor(:3001→:3000)] ✓ PING OK (3ms) — statut: online
[2026-06-16T11:10:52.003Z][BackupMonitor(:3001→:3000)] ✓ PING OK (4ms) — statut: online
[2026-06-16T11:10:57.015Z][BackupMonitor(:3001→:3000)] ✓ PING OK (3ms) — statut: online
[2026-06-16T11:11:02.030Z][BackupMonitor(:3001→:3000)] ✓ PING OK (4ms) — statut: online
[2026-06-16T11:11:07.041Z][BackupMonitor(:3001→:3000)] ✓ PING OK (4ms) — statut: online
[2026-06-16T11:11:12.057Z][BackupMonitor(:3001→:3000)] ✓ PING OK (5ms) — statut: online
[2026-06-16T11:11:17.061Z][BackupMonitor(:3001→:3000)] ✓ PING OK (3ms) — statut: online
[2026-06-16T11:11:22.069Z][BackupMonitor(:3001→:3000)] ✓ PING OK (3ms) — statut: online
[2026-06-16T11:11:27.082Z][BackupMonitor(:3001→:3000)] ✓ PING OK (3ms) — statut: online
[2026-06-16T11:11:32.097Z][BackupMonitor(:3001→:3000)] ✓ PING OK (3ms) — statut: online
[2026-06-16T11:11:37.102Z][BackupMonitor(:3001→:3000)] ✓ PING OK (3ms) — statut: online
[2026-06-16T11:11:42.114Z][BackupMonitor(:3001→:3000)] ✓ PING OK (5ms) — statut: online
[2026-06-16T11:11:47.118Z][BackupMonitor(:3001→:3000)] ✓ PING OK (2ms) — statut: online
[2026-06-16T11:11:52.133Z][BackupMonitor(:3001→:3000)] ✓ PING OK (3ms) — statut: online
[2026-06-16T11:11:57.149Z][BackupMonitor(:3001→:3000)] ✓ PING OK (6ms) — statut: online
[2026-06-16T11:12:02.153Z][BackupMonitor(:3001→:3000)] ✓ PING OK (2ms) — statut: online
[2026-06-16T11:12:07.165Z][BackupMonitor(:3001→:3000)] ✓ PING OK (3ms) — statut: online
[2026-06-16T11:12:12.174Z][BackupMonitor(:3001→:3000)] ✓ PING OK (3ms) — statut: online
[2026-06-16T11:12:17.184Z][BackupMonitor(:3001→:3000)] ✓ PING OK (3ms) — statut: online
[2026-06-16T11:12:22.193Z][BackupMonitor(:3001→:3000)] ✓ PING OK (4ms) — statut: online
[2026-06-16T11:12:27.203Z][BackupMonitor(:3001→:3000)] ✓ PING OK (7ms) — statut: online
[2026-06-16T11:12:32.213Z][BackupMonitor(:3001→:3000)] ✓ PING OK (4ms) — statut: online
[2026-06-16T11:12:37.213Z][BackupMonitor(:3001→:3000)] ✓ PING OK (4ms) — statut: online
[2026-06-16T11:12:42.220Z][BackupMonitor(:3001→:3000)] ✓ PING OK (3ms) — statut: online
[2026-06-16T11:12:47.224Z][BackupMonitor(:3001→:3000)] ✓ PING OK (4ms) — statut: online
[2026-06-16T11:12:52.238Z][BackupMonitor(:3001→:3000)] ✓ PING OK (3ms) — statut: online
[2026-06-16T11:12:57.247Z][BackupMonitor(:3001→:3000)] ✓ PING OK (3ms) — statut: online
[2026-06-16T11:13:02.256Z][BackupMonitor(:3001→:3000)] ✓ PING OK (3ms) — statut: online
[2026-06-16T11:13:07.268Z][BackupMonitor(:3001→:3000)] ✓ PING OK (3ms) — statut: online
[2026-06-16T11:13:12.276Z][BackupMonitor(:3001→:3000)] ✓ PING OK (4ms) — statut: online
[2026-06-16T11:13:17.301Z][BackupMonitor(:3001→:3000)] ✓ PING OK (6ms) — statut: online
[2026-06-16T11:13:22.383Z][BackupMonitor(:3001→:3000)] ✓ PING OK (75ms) — statut: online
[2026-06-16T11:13:27.316Z][BackupMonitor(:3001→:3000)] ✓ PING OK (5ms) — statut: online
[2026-06-16T11:13:32.324Z][BackupMonitor(:3001→:3000)] ✓ PING OK (4ms) — statut: online
[2026-06-16T11:13:37.331Z][BackupMonitor(:3001→:3000)] ✓ PING OK (4ms) — statut: online
[2026-06-16T11:13:42.337Z][BackupMonitor(:3001→:3000)] ✓ PING OK (4ms) — statut: online
[2026-06-16T11:13:47.339Z][BackupMonitor(:3001→:3000)] ✓ PING OK (3ms) — statut: online
[2026-06-16T11:13:52.353Z][BackupMonitor(:3001→:3000)] ✓ PING OK (3ms) — statut: online
[2026-06-16T11:13:57.359Z][BackupMonitor(:3001→:3000)] ✓ PING OK (5ms) — statut: online
[2026-06-16T11:14:02.388Z][BackupMonitor(:3001→:3000)] ✓ PING OK (27ms) — statut: online
[2026-06-16T11:14:07.380Z][BackupMonitor(:3001→:3000)] ✓ PING OK (4ms) — statut: online
[2026-06-16T11:14:12.412Z][BackupMonitor(:3001→:3000)] ✓ PING OK (5ms) — statut: online
[2026-06-16T11:14:17.412Z][BackupMonitor(:3001→:3000)] ✓ PING OK (3ms) — statut: online
[2026-06-16T11:14:22.479Z][BackupMonitor(:3001→:3000)] ✓ PING OK (57ms) — statut: online
[2026-06-16T11:14:27.432Z][BackupMonitor(:3001→:3000)] ✓ PING OK (4ms) — statut: online
[2026-06-16T11:14:32.439Z][BackupMonitor(:3001→:3000)] ✓ PING OK (5ms) — statut: online
[2026-06-16T11:14:37.451Z][BackupMonitor(:3001→:3000)] ✓ PING OK (4ms) — statut: online
[2026-06-16T11:14:42.463Z][BackupMonitor(:3001→:3000)] ✓ PING OK (4ms) — statut: online
[2026-06-16T11:14:47.471Z][BackupMonitor(:3001→:3000)] ✓ PING OK (5ms) — statut: online
[2026-06-16T11:14:52.477Z][BackupMonitor(:3001→:3000)] ✓ PING OK (3ms) — statut: online
[2026-06-16T11:14:57.482Z][BackupMonitor(:3001→:3000)] ✓ PING OK (4ms) — statut: online
[2026-06-16T11:15:02.488Z][BackupMonitor(:3001→:3000)] ✓ PING OK (4ms) — statut: online
[2026-06-16T11:15:07.489Z][BackupMonitor(:3001→:3000)] ✓ PING OK (4ms) — statut: online
[2026-06-16T11:15:12.500Z][BackupMonitor(:3001→:3000)] ✓ PING OK (4ms) — statut: online
[2026-06-16T11:15:17.514Z][BackupMonitor(:3001→:3000)] ✓ PING OK (4ms) — statut: online
[2026-06-16T11:15:22.524Z][BackupMonitor(:3001→:3000)] ✓ PING OK (4ms) — statut: online
[2026-06-16T11:15:27.539Z][BackupMonitor(:3001→:3000)] ✓ PING OK (6ms) — statut: online
[2026-06-16T11:15:32.540Z][BackupMonitor(:3001→:3000)] ✓ PING OK (4ms) — statut: online
[2026-06-16T11:15:37.542Z][BackupMonitor(:3001→:3000)] ✓ PING OK (4ms) — statut: online
[2026-06-16T11:15:42.555Z][BackupMonitor(:3001→:3000)] ✓ PING OK (4ms) — statut: online
[2026-06-16T11:15:47.568Z][BackupMonitor(:3001→:3000)] ✓ PING OK (5ms) — statut: online
[2026-06-16T11:15:52.577Z][BackupMonitor(:3001→:3000)] ✓ PING OK (4ms) — statut: online
[2026-06-16T11:15:57.587Z][BackupMonitor(:3001→:3000)] ✓ PING OK (5ms) — statut: online
[2026-06-16T11:16:02.589Z][BackupMonitor(:3001→:3000)] ✓ PING OK (4ms) — statut: online
[2026-06-16T11:16:07.590Z][BackupMonitor(:3001→:3000)] ✓ PING OK (4ms) — statut: online
[2026-06-16T11:16:12.600Z][BackupMonitor(:3001→:3000)] ✓ PING OK (3ms) — statut: online
[2026-06-16T11:16:17.604Z][BackupMonitor(:3001→:3000)] ✓ PING OK (3ms) — statut: online
[2026-06-16T11:16:22.614Z][BackupMonitor(:3001→:3000)] ✓ PING OK (3ms) — statut: online
[2026-06-16T11:16:27.615Z][BackupMonitor(:3001→:3000)] ✓ PING OK (4ms) — statut: online
[2026-06-16T11:16:32.621Z][BackupMonitor(:3001→:3000)] ✓ PING OK (4ms) — statut: online
[2026-06-16T11:16:37.620Z][BackupMonitor(:3001→:3000)] ✓ PING OK (3ms) — statut: online
[2026-06-16T11:16:42.623Z][BackupMonitor(:3001→:3000)] ✓ PING OK (3ms) — statut: online
[2026-06-16T11:16:47.627Z][BackupMonitor(:3001→:3000)] ✓ PING OK (5ms) — statut: online
[2026-06-16T11:16:52.640Z][BackupMonitor(:3001→:3000)] ✓ PING OK (4ms) — statut: online
[2026-06-16T11:16:57.653Z][BackupMonitor(:3001→:3000)] ✓ PING OK (4ms) — statut: online
[2026-06-16T11:17:02.661Z][BackupMonitor(:3001→:3000)] ✓ PING OK (4ms) — statut: online
[2026-06-16T11:17:07.670Z][BackupMonitor(:3001→:3000)] ✓ PING OK (4ms) — statut: online
[2026-06-16T11:17:12.674Z][BackupMonitor(:3001→:3000)] ✓ PING OK (3ms) — statut: online
[2026-06-16T11:17:17.686Z][BackupMonitor(:3001→:3000)] ✓ PING OK (4ms) — statut: online
[2026-06-16T11:17:22.687Z][BackupMonitor(:3001→:3000)] ✓ PING OK (4ms) — statut: online
[2026-06-16T11:17:27.700Z][BackupMonitor(:3001→:3000)] ✓ PING OK (3ms) — statut: online
[2026-06-16T11:17:32.703Z][BackupMonitor(:3001→:3000)] ✓ PING OK (3ms) — statut: online
[2026-06-16T11:17:37.713Z][BackupMonitor(:3001→:3000)] ✓ PING OK (4ms) — statut: online
[2026-06-16T11:17:42.725Z][BackupMonitor(:3001→:3000)] ✓ PING OK (4ms) — statut: online
[2026-06-16T11:17:47.735Z][BackupMonitor(:3001→:3000)] ✓ PING OK (4ms) — statut: online
[2026-06-16T11:17:52.742Z][BackupMonitor(:3001→:3000)] ✓ PING OK (3ms) — statut: online
[2026-06-16T11:17:57.752Z][BackupMonitor(:3001→:3000)] ✓ PING OK (4ms) — statut: online
[2026-06-16T11:18:02.754Z][BackupMonitor(:3001→:3000)] ✓ PING OK (3ms) — statut: online
[2026-06-16T11:18:07.769Z][BackupMonitor(:3001→:3000)] ✓ PING OK (4ms) — statut: online
[2026-06-16T11:18:12.774Z][BackupMonitor(:3001→:3000)] ✓ PING OK (3ms) — statut: online
[2026-06-16T11:18:17.781Z][BackupMonitor(:3001→:3000)] ✓ PING OK (4ms) — statut: online
[2026-06-16T11:18:22.786Z][BackupMonitor(:3001→:3000)] ✓ PING OK (3ms) — statut: online
[2026-06-16T11:18:27.796Z][BackupMonitor(:3001→:3000)] ✓ PING OK (3ms) — statut: online
[2026-06-16T11:18:32.808Z][BackupMonitor(:3001→:3000)] ✓ PING OK (3ms) — statut: online
[2026-06-16T11:18:37.822Z][BackupMonitor(:3001→:3000)] ✓ PING OK (3ms) — statut: online
[2026-06-16T11:18:42.835Z][BackupMonitor(:3001→:3000)] ✓ PING OK (4ms) — statut: online
[2026-06-16T11:18:47.841Z][BackupMonitor(:3001→:3000)] ✓ PING OK (3ms) — statut: online
[2026-06-16T11:18:52.853Z][BackupMonitor(:3001→:3000)] ✓ PING OK (4ms) — statut: online
[2026-06-16T11:18:57.862Z][BackupMonitor(:3001→:3000)] ✓ PING OK (4ms) — statut: online
[2026-06-16T11:19:02.872Z][BackupMonitor(:3001→:3000)] ✓ PING OK (3ms) — statut: online
[2026-06-16T11:19:07.873Z][BackupMonitor(:3001→:3000)] ✓ PING OK (3ms) — statut: online
[2026-06-16T11:19:12.875Z][BackupMonitor(:3001→:3000)] ✓ PING OK (3ms) — statut: online
[2026-06-16T11:19:17.879Z][BackupMonitor(:3001→:3000)] ✓ PING OK (4ms) — statut: online
[2026-06-16T11:19:22.894Z][BackupMonitor(:3001→:3000)] ✓ PING OK (4ms) — statut: online
[2026-06-16T11:19:27.904Z][BackupMonitor(:3001→:3000)] ✓ PING OK (4ms) — statut: online
[2026-06-16T11:19:32.915Z][BackupMonitor(:3001→:3000)] ✓ PING OK (3ms) — statut: online
[2026-06-16T11:19:37.920Z][BackupMonitor(:3001→:3000)] ✓ PING OK (2ms) — statut: online
[2026-06-16T11:19:42.925Z][BackupMonitor(:3001→:3000)] ✓ PING OK (3ms) — statut: online
[2026-06-16T11:19:47.941Z][BackupMonitor(:3001→:3000)] ✓ PING OK (3ms) — statut: online
[2026-06-16T11:19:52.946Z][BackupMonitor(:3001→:3000)] ✓ PING OK (3ms) — statut: online
[2026-06-16T11:19:57.950Z][BackupMonitor(:3001→:3000)] ✓ PING OK (3ms) — statut: online
[2026-06-16T11:20:02.953Z][BackupMonitor(:3001→:3000)] ✓ PING OK (3ms) — statut: online
[2026-06-16T11:20:07.965Z][BackupMonitor(:3001→:3000)] ✓ PING OK (3ms) — statut: online
[2026-06-16T11:20:12.968Z][BackupMonitor(:3001→:3000)] ✓ PING OK (3ms) — statut: online
[2026-06-16T11:20:17.981Z][BackupMonitor(:3001→:3000)] ✓ PING OK (4ms) — statut: online
[2026-06-16T11:20:22.990Z][BackupMonitor(:3001→:3000)] ✓ PING OK (3ms) — statut: online
[2026-06-16T11:20:27.998Z][BackupMonitor(:3001→:3000)] ✓ PING OK (3ms) — statut: online
[2026-06-16T11:20:33.009Z][BackupMonitor(:3001→:3000)] ✓ PING OK (4ms) — statut: online
[2026-06-16T11:20:38.008Z][BackupMonitor(:3001→:3000)] ✓ PING OK (3ms) — statut: online
[2026-06-16T11:20:43.023Z][BackupMonitor(:3001→:3000)] ✓ PING OK (4ms) — statut: online
[2026-06-16T11:20:48.035Z][BackupMonitor(:3001→:3000)] ✓ PING OK (3ms) — statut: online
[2026-06-16T11:20:53.035Z][BackupMonitor(:3001→:3000)] ✓ PING OK (3ms) — statut: online
[2026-06-16T11:20:58.036Z][BackupMonitor(:3001→:3000)] ✓ PING OK (3ms) — statut: online
[2026-06-16T11:21:03.037Z][BackupMonitor(:3001→:3000)] ✓ PING OK (3ms) — statut: online
[2026-06-16T11:21:08.042Z][BackupMonitor(:3001→:3000)] ✓ PING OK (3ms) — statut: online
[2026-06-16T11:21:13.043Z][BackupMonitor(:3001→:3000)] ✓ PING OK (3ms) — statut: online
[2026-06-16T11:21:18.059Z][BackupMonitor(:3001→:3000)] ✓ PING OK (3ms) — statut: online
[2026-06-16T11:21:23.074Z][BackupMonitor(:3001→:3000)] ✓ PING OK (3ms) — statut: online
[2026-06-16T11:21:28.083Z][BackupMonitor(:3001→:3000)] ✓ PING OK (4ms) — statut: online
[2026-06-16T11:21:33.097Z][BackupMonitor(:3001→:3000)] ✓ PING OK (3ms) — statut: online
[2026-06-16T11:21:38.112Z][BackupMonitor(:3001→:3000)] ✓ PING OK (4ms) — statut: online
[2026-06-16T11:21:43.114Z][BackupMonitor(:3001→:3000)] ✓ PING OK (3ms) — statut: online
[2026-06-16T11:21:48.114Z][BackupMonitor(:3001→:3000)] ✓ PING OK (3ms) — statut: online
[2026-06-16T11:21:53.114Z][BackupMonitor(:3001→:3000)] ✓ PING OK (3ms) — statut: online
[2026-06-16T11:21:58.128Z][BackupMonitor(:3001→:3000)] ✓ PING OK (3ms) — statut: online
[2026-06-16T11:22:03.135Z][BackupMonitor(:3001→:3000)] ✓ PING OK (4ms) — statut: online
[2026-06-16T11:22:08.147Z][BackupMonitor(:3001→:3000)] ✓ PING OK (3ms) — statut: online
[2026-06-16T11:22:13.157Z][BackupMonitor(:3001→:3000)] ✓ PING OK (4ms) — statut: online
[2026-06-16T11:22:18.162Z][BackupMonitor(:3001→:3000)] ✓ PING OK (3ms) — statut: online
[2026-06-16T11:22:23.176Z][BackupMonitor(:3001→:3000)] ✓ PING OK (3ms) — statut: online
[2026-06-16T11:22:28.198Z][BackupMonitor(:3001→:3000)] ✓ PING OK (4ms) — statut: online
[2026-06-16T11:22:33.204Z][BackupMonitor(:3001→:3000)] ✓ PING OK (2ms) — statut: online
[2026-06-16T11:22:38.216Z][BackupMonitor(:3001→:3000)] ✓ PING OK (4ms) — statut: online
[2026-06-16T11:22:43.225Z][BackupMonitor(:3001→:3000)] ✓ PING OK (3ms) — statut: online
[2026-06-16T11:22:48.224Z][BackupMonitor(:3001→:3000)] ✓ PING OK (2ms) — statut: online
[2026-06-16T11:22:53.240Z][BackupMonitor(:3001→:3000)] ✓ PING OK (4ms) — statut: online
[2026-06-16T11:22:58.248Z][BackupMonitor(:3001→:3000)] ✓ PING OK (4ms) — statut: online
[2026-06-16T11:23:03.253Z][BackupMonitor(:3001→:3000)] ✓ PING OK (6ms) — statut: online
[2026-06-16T11:23:08.254Z][BackupMonitor(:3001→:3000)] ✓ PING OK (4ms) — statut: online
[2026-06-16T11:23:13.265Z][BackupMonitor(:3001→:3000)] ✓ PING OK (3ms) — statut: online
[2026-06-16T11:23:18.270Z][BackupMonitor(:3001→:3000)] ✓ PING OK (4ms) — statut: online
[2026-06-16T11:23:23.278Z][BackupMonitor(:3001→:3000)] ✓ PING OK (4ms) — statut: online
[2026-06-16T11:23:28.288Z][BackupMonitor(:3001→:3000)] ✓ PING OK (3ms) — statut: online
[2026-06-16T11:23:33.298Z][BackupMonitor(:3001→:3000)] ✓ PING OK (4ms) — statut: online
[2026-06-16T11:23:38.306Z][BackupMonitor(:3001→:3000)] ✓ PING OK (5ms) — statut: online
[2026-06-16T11:23:43.321Z][BackupMonitor(:3001→:3000)] ✓ PING OK (4ms) — statut: online
[2026-06-16T11:23:48.327Z][BackupMonitor(:3001→:3000)] ✓ PING OK (4ms) — statut: online
[2026-06-16T11:23:53.341Z][BackupMonitor(:3001→:3000)] ✓ PING OK (4ms) — statut: online
[2026-06-16T11:23:58.355Z][BackupMonitor(:3001→:3000)] ✓ PING OK (8ms) — statut: online
[2026-06-16T11:24:03.363Z][BackupMonitor(:3001→:3000)] ✓ PING OK (4ms) — statut: online
[2026-06-16T11:24:08.373Z][BackupMonitor(:3001→:3000)] ✓ PING OK (3ms) — statut: online
[2026-06-16T11:24:13.385Z][BackupMonitor(:3001→:3000)] ✓ PING OK (7ms) — statut: online
[2026-06-16T11:24:18.389Z][BackupMonitor(:3001→:3000)] ✓ PING OK (4ms) — statut: online
[2026-06-16T11:24:23.390Z][BackupMonitor(:3001→:3000)] ✓ PING OK (3ms) — statut: online
[2026-06-16T11:24:28.396Z][BackupMonitor(:3001→:3000)] ✓ PING OK (3ms) — statut: online
[2026-06-16T11:24:33.404Z][BackupMonitor(:3001→:3000)] ✓ PING OK (4ms) — statut: online
[2026-06-16T11:24:38.408Z][BackupMonitor(:3001→:3000)] ✓ PING OK (2ms) — statut: online
[2026-06-16T11:24:43.420Z][BackupMonitor(:3001→:3000)] ✓ PING OK (5ms) — statut: online
[2026-06-16T11:24:48.422Z][BackupMonitor(:3001→:3000)] ✓ PING OK (3ms) — statut: online
[2026-06-16T11:24:53.424Z][BackupMonitor(:3001→:3000)] ✓ PING OK (3ms) — statut: online
[2026-06-16T11:24:58.428Z][BackupMonitor(:3001→:3000)] ✓ PING OK (3ms) — statut: online
[2026-06-16T11:25:03.441Z][BackupMonitor(:3001→:3000)] ✓ PING OK (3ms) — statut: online
[2026-06-16T11:25:08.447Z][BackupMonitor(:3001→:3000)] ✓ PING OK (3ms) — statut: online
[2026-06-16T11:25:13.460Z][BackupMonitor(:3001→:3000)] ✓ PING OK (3ms) — statut: online
[2026-06-16T11:25:18.460Z][BackupMonitor(:3001→:3000)] ✓ PING OK (3ms) — statut: online
[2026-06-16T11:25:23.474Z][BackupMonitor(:3001→:3000)] ✓ PING OK (3ms) — statut: online
[2026-06-16T11:25:28.484Z][BackupMonitor(:3001→:3000)] ✓ PING OK (4ms) — statut: online
[2026-06-16T11:25:33.488Z][BackupMonitor(:3001→:3000)] ✓ PING OK (4ms) — statut: online
[2026-06-16T11:25:38.500Z][BackupMonitor(:3001→:3000)] ✓ PING OK (4ms) — statut: online
[2026-06-16T11:25:43.502Z][BackupMonitor(:3001→:3000)] ✓ PING OK (4ms) — statut: online
[2026-06-16T11:25:48.515Z][BackupMonitor(:3001→:3000)] ✓ PING OK (4ms) — statut: online
[2026-06-16T11:25:53.529Z][BackupMonitor(:3001→:3000)] ✓ PING OK (3ms) — statut: online
[2026-06-16T11:25:58.545Z][BackupMonitor(:3001→:3000)] ✓ PING OK (4ms) — statut: online
[2026-06-16T11:26:03.559Z][BackupMonitor(:3001→:3000)] ✓ PING OK (4ms) — statut: online
[2026-06-16T11:26:08.573Z][BackupMonitor(:3001→:3000)] ✓ PING OK (4ms) — statut: online
[2026-06-16T11:26:13.586Z][BackupMonitor(:3001→:3000)] ✓ PING OK (3ms) — statut: online
[2026-06-16T11:26:18.593Z][BackupMonitor(:3001→:3000)] ✓ PING OK (3ms) — statut: online
[2026-06-16T11:26:23.601Z][BackupMonitor(:3001→:3000)] ✓ PING OK (4ms) — statut: online
[2026-06-16T11:26:28.605Z][BackupMonitor(:3001→:3000)] ✓ PING OK (3ms) — statut: online
[2026-06-16T11:26:33.605Z][BackupMonitor(:3001→:3000)] ✓ PING OK (3ms) — statut: online
[2026-06-16T11:26:38.620Z][BackupMonitor(:3001→:3000)] ✓ PING OK (4ms) — statut: online
[2026-06-16T11:26:43.637Z][BackupMonitor(:3001→:3000)] ✓ PING OK (6ms) — statut: online
[2026-06-16T11:26:48.636Z][BackupMonitor(:3001→:3000)] ✓ PING OK (4ms) — statut: online
[2026-06-16T11:26:53.647Z][BackupMonitor(:3001→:3000)] ✓ PING OK (3ms) — statut: online
[2026-06-16T11:26:58.658Z][BackupMonitor(:3001→:3000)] ✓ PING OK (3ms) — statut: online
[2026-06-16T11:27:03.674Z][BackupMonitor(:3001→:3000)] ✓ PING OK (3ms) — statut: online
[2026-06-16T11:27:08.677Z][BackupMonitor(:3001→:3000)] ✓ PING OK (3ms) — statut: online
[2026-06-16T11:27:13.688Z][BackupMonitor(:3001→:3000)] ✓ PING OK (3ms) — statut: online
[2026-06-16T11:27:18.691Z][BackupMonitor(:3001→:3000)] ✓ PING OK (4ms) — statut: online
[2026-06-16T11:27:23.705Z][BackupMonitor(:3001→:3000)] ✓ PING OK (4ms) — statut: online
[2026-06-16T11:27:28.720Z][BackupMonitor(:3001→:3000)] ✓ PING OK (7ms) — statut: online
[2026-06-16T11:27:33.721Z][BackupMonitor(:3001→:3000)] ✓ PING OK (3ms) — statut: online
[2026-06-16T11:27:38.727Z][BackupMonitor(:3001→:3000)] ✓ PING OK (4ms) — statut: online
[2026-06-16T11:27:43.738Z][BackupMonitor(:3001→:3000)] ✓ PING OK (5ms) — statut: online
[2026-06-16T11:27:48.741Z][BackupMonitor(:3001→:3000)] ✓ PING OK (3ms) — statut: online
[2026-06-16T11:27:53.746Z][BackupMonitor(:3001→:3000)] ✓ PING OK (3ms) — statut: online
[2026-06-16T11:27:58.752Z][BackupMonitor(:3001→:3000)] ✓ PING OK (5ms) — statut: online
[2026-06-16T11:28:03.764Z][BackupMonitor(:3001→:3000)] ✓ PING OK (4ms) — statut: online
[2026-06-16T11:28:08.778Z][BackupMonitor(:3001→:3000)] ✓ PING OK (4ms) — statut: online
[2026-06-16T11:28:13.779Z][BackupMonitor(:3001→:3000)] ✓ PING OK (4ms) — statut: online
[2026-06-16T11:28:18.779Z][BackupMonitor(:3001→:3000)] ✓ PING OK (4ms) — statut: online
[2026-06-16T11:28:23.789Z][BackupMonitor(:3001→:3000)] ✓ PING OK (3ms) — statut: online
[2026-06-16T11:28:28.790Z][BackupMonitor(:3001→:3000)] ✓ PING OK (3ms) — statut: online
[2026-06-16T11:28:33.801Z][BackupMonitor(:3001→:3000)] ✓ PING OK (3ms) — statut: online
[2026-06-16T11:28:38.803Z][BackupMonitor(:3001→:3000)] ✓ PING OK (3ms) — statut: online
[2026-06-16T11:28:43.810Z][BackupMonitor(:3001→:3000)] ✓ PING OK (3ms) — statut: online
[2026-06-16T11:28:48.817Z][BackupMonitor(:3001→:3000)] ✓ PING OK (3ms) — statut: online
[2026-06-16T11:28:53.821Z][BackupMonitor(:3001→:3000)] ✓ PING OK (3ms) — statut: online
[2026-06-16T11:28:58.831Z][BackupMonitor(:3001→:3000)] ✓ PING OK (7ms) — statut: online
[2026-06-16T11:29:03.838Z][BackupMonitor(:3001→:3000)] ✓ PING OK (4ms) — statut: online
[2026-06-16T11:29:08.844Z][BackupMonitor(:3001→:3000)] ✓ PING OK (3ms) — statut: online
[2026-06-16T11:29:13.849Z][BackupMonitor(:3001→:3000)] ✓ PING OK (3ms) — statut: online
[2026-06-16T11:29:18.863Z][BackupMonitor(:3001→:3000)] ✓ PING OK (3ms) — statut: online
[2026-06-16T11:29:23.864Z][BackupMonitor(:3001→:3000)] ✓ PING OK (2ms) — statut: online
[2026-06-16T11:29:28.872Z][BackupMonitor(:3001→:3000)] ✓ PING OK (3ms) — statut: online
[2026-06-16T11:29:33.874Z][BackupMonitor(:3001→:3000)] ✓ PING OK (2ms) — statut: online
[2026-06-16T11:29:38.888Z][BackupMonitor(:3001→:3000)] ✓ PING OK (4ms) — statut: online
[2026-06-16T11:29:43.901Z][BackupMonitor(:3001→:3000)] ✓ PING OK (3ms) — statut: online
[2026-06-16T11:29:48.912Z][BackupMonitor(:3001→:3000)] ✓ PING OK (2ms) — statut: online
[2026-06-16T11:29:53.923Z][BackupMonitor(:3001→:3000)] ✓ PING OK (2ms) — statut: online
[2026-06-16T11:29:58.932Z][BackupMonitor(:3001→:3000)] ✓ PING OK (3ms) — statut: online
[2026-06-16T11:30:03.954Z][BackupMonitor(:3001→:3000)] ✓ PING OK (8ms) — statut: online
[2026-06-16T11:30:08.957Z][BackupMonitor(:3001→:3000)] ✓ PING OK (3ms) — statut: online
[2026-06-16T11:30:13.959Z][BackupMonitor(:3001→:3000)] ✓ PING OK (4ms) — statut: online
[2026-06-16T11:30:18.965Z][BackupMonitor(:3001→:3000)] ✓ PING OK (3ms) — statut: online
[2026-06-16T11:30:23.969Z][BackupMonitor(:3001→:3000)] ✓ PING OK (3ms) — statut: online
[2026-06-16T11:30:28.972Z][BackupMonitor(:3001→:3000)] ✓ PING OK (3ms) — statut: online
[2026-06-16T11:30:33.978Z][BackupMonitor(:3001→:3000)] ✓ PING OK (2ms) — statut: online
[2026-06-16T11:30:38.984Z][BackupMonitor(:3001→:3000)] ✓ PING OK (3ms) — statut: online
[2026-06-16T11:30:43.993Z][BackupMonitor(:3001→:3000)] ✓ PING OK (2ms) — statut: online
[2026-06-16T11:30:48.996Z][BackupMonitor(:3001→:3000)] ✓ PING OK (3ms) — statut: online
[2026-06-16T11:30:54.010Z][BackupMonitor(:3001→:3000)] ✓ PING OK (2ms) — statut: online
[2026-06-16T11:30:59.025Z][BackupMonitor(:3001→:3000)] ✓ PING OK (3ms) — statut: online
[2026-06-16T11:31:04.037Z][BackupMonitor(:3001→:3000)] ✓ PING OK (2ms) — statut: online
[2026-06-16T11:31:09.052Z][BackupMonitor(:3001→:3000)] ✓ PING OK (2ms) — statut: online
[2026-06-16T11:31:14.066Z][BackupMonitor(:3001→:3000)] ✓ PING OK (3ms) — statut: online
[2026-06-16T11:31:19.078Z][BackupMonitor(:3001→:3000)] ✓ PING OK (3ms) — statut: online
[2026-06-16T11:31:24.089Z][BackupMonitor(:3001→:3000)] ✓ PING OK (4ms) — statut: online
[2026-06-16T11:31:29.105Z][BackupMonitor(:3001→:3000)] ✓ PING OK (11ms) — statut: online
[2026-06-16T11:31:34.108Z][BackupMonitor(:3001→:3000)] ✓ PING OK (3ms) — statut: online
[2026-06-16T11:31:39.110Z][BackupMonitor(:3001→:3000)] ✓ PING OK (4ms) — statut: online
[2026-06-16T11:31:44.129Z][BackupMonitor(:3001→:3000)] ✓ PING OK (6ms) — statut: online
[2026-06-16T11:31:49.136Z][BackupMonitor(:3001→:3000)] ✓ PING OK (6ms) — statut: online
[2026-06-16T11:31:54.146Z][BackupMonitor(:3001→:3000)] ✓ PING OK (3ms) — statut: online
[2026-06-16T11:31:59.171Z][BackupMonitor(:3001→:3000)] ✓ PING OK (24ms) — statut: online
[2026-06-16T11:32:04.164Z][BackupMonitor(:3001→:3000)] ✓ PING OK (3ms) — statut: online
[2026-06-16T11:32:09.166Z][BackupMonitor(:3001→:3000)] ✓ PING OK (3ms) — statut: online
[2026-06-16T11:32:14.175Z][BackupMonitor(:3001→:3000)] ✓ PING OK (3ms) — statut: online
[2026-06-16T11:32:19.182Z][BackupMonitor(:3001→:3000)] ✓ PING OK (2ms) — statut: online
[2026-06-16T11:32:24.196Z][BackupMonitor(:3001→:3000)] ✓ PING OK (3ms) — statut: online
[2026-06-16T11:32:29.207Z][BackupMonitor(:3001→:3000)] ✓ PING OK (3ms) — statut: online
[2026-06-16T11:32:34.213Z][BackupMonitor(:3001→:3000)] ✓ PING OK (2ms) — statut: online
[2026-06-16T11:32:39.251Z][BackupMonitor(:3001→:3000)] ✓ PING OK (26ms) — statut: online
[2026-06-16T11:32:44.237Z][BackupMonitor(:3001→:3000)] ✓ PING OK (7ms) — statut: online
[2026-06-16T11:32:49.234Z][BackupMonitor(:3001→:3000)] ✓ PING OK (3ms) — statut: online
[2026-06-16T11:32:54.244Z][BackupMonitor(:3001→:3000)] ✓ PING OK (3ms) — statut: online
[2026-06-16T11:32:59.245Z][BackupMonitor(:3001→:3000)] ✓ PING OK (3ms) — statut: online
[2026-06-16T11:33:04.251Z][BackupMonitor(:3001→:3000)] ✓ PING OK (4ms) — statut: online
[2026-06-16T11:33:09.260Z][BackupMonitor(:3001→:3000)] ✓ PING OK (7ms) — statut: online
[2026-06-16T11:33:14.260Z][BackupMonitor(:3001→:3000)] ✓ PING OK (3ms) — statut: online
[2026-06-16T11:33:19.276Z][BackupMonitor(:3001→:3000)] ✓ PING OK (5ms) — statut: online
[2026-06-16T11:33:24.292Z][BackupMonitor(:3001→:3000)] ✓ PING OK (9ms) — statut: online
[2026-06-16T11:33:29.293Z][BackupMonitor(:3001→:3000)] ✓ PING OK (5ms) — statut: online
[2026-06-16T11:33:34.295Z][BackupMonitor(:3001→:3000)] ✓ PING OK (4ms) — statut: online
[2026-06-16T11:33:39.297Z][BackupMonitor(:3001→:3000)] ✓ PING OK (3ms) — statut: online
[2026-06-16T11:33:44.311Z][BackupMonitor(:3001→:3000)] ✓ PING OK (4ms) — statut: online
[2026-06-16T11:33:49.323Z][BackupMonitor(:3001→:3000)] ✓ PING OK (7ms) — statut: online
[2026-06-16T11:33:54.333Z][BackupMonitor(:3001→:3000)] ✓ PING OK (3ms) — statut: online
[2026-06-16T11:33:59.343Z][BackupMonitor(:3001→:3000)] ✓ PING OK (3ms) — statut: online
[2026-06-16T11:34:04.354Z][BackupMonitor(:3001→:3000)] ✓ PING OK (5ms) — statut: online
[2026-06-16T11:34:09.362Z][BackupMonitor(:3001→:3000)] ✓ PING OK (3ms) — statut: online
[2026-06-16T11:34:14.377Z][BackupMonitor(:3001→:3000)] ✓ PING OK (4ms) — statut: online
[2026-06-16T11:34:19.377Z][BackupMonitor(:3001→:3000)] ✓ PING OK (3ms) — statut: online
[2026-06-16T11:34:24.379Z][BackupMonitor(:3001→:3000)] ✓ PING OK (3ms) — statut: online
[2026-06-16T11:34:29.387Z][BackupMonitor(:3001→:3000)] ✓ PING OK (5ms) — statut: online
[2026-06-16T11:34:34.389Z][BackupMonitor(:3001→:3000)] ✓ PING OK (3ms) — statut: online
[2026-06-16T11:34:39.398Z][BackupMonitor(:3001→:3000)] ✓ PING OK (3ms) — statut: online
[2026-06-16T11:34:44.412Z][BackupMonitor(:3001→:3000)] ✓ PING OK (3ms) — statut: online
[2026-06-16T11:34:49.424Z][BackupMonitor(:3001→:3000)] ✓ PING OK (4ms) — statut: online
[2026-06-16T11:34:54.437Z][BackupMonitor(:3001→:3000)] ✓ PING OK (4ms) — statut: online
[2026-06-16T11:34:59.452Z][BackupMonitor(:3001→:3000)] ✓ PING OK (4ms) — statut: online
[2026-06-16T11:35:04.465Z][BackupMonitor(:3001→:3000)] ✓ PING OK (3ms) — statut: online
[2026-06-16T11:35:09.470Z][BackupMonitor(:3001→:3000)] ✓ PING OK (3ms) — statut: online
[2026-06-16T11:35:14.472Z][BackupMonitor(:3001→:3000)] ✓ PING OK (3ms) — statut: online
[2026-06-16T11:35:19.475Z][BackupMonitor(:3001→:3000)] ✓ PING OK (3ms) — statut: online
[2026-06-16T11:35:24.487Z][BackupMonitor(:3001→:3000)] ✓ PING OK (4ms) — statut: online
[2026-06-16T11:35:29.495Z][BackupMonitor(:3001→:3000)] ✓ PING OK (4ms) — statut: online
[2026-06-16T11:35:34.508Z][BackupMonitor(:3001→:3000)] ✓ PING OK (4ms) — statut: online
[2026-06-16T11:35:39.513Z][BackupMonitor(:3001→:3000)] ✓ PING OK (3ms) — statut: online
[2026-06-16T11:35:44.522Z][BackupMonitor(:3001→:3000)] ✓ PING OK (6ms) — statut: online
[2026-06-16T11:35:49.527Z][BackupMonitor(:3001→:3000)] ✓ PING OK (3ms) — statut: online
[2026-06-16T11:35:54.537Z][BackupMonitor(:3001→:3000)] ✓ PING OK (6ms) — statut: online
[2026-06-16T11:35:59.544Z][BackupMonitor(:3001→:3000)] ✓ PING OK (3ms) — statut: online
[2026-06-16T11:36:04.551Z][BackupMonitor(:3001→:3000)] ✓ PING OK (3ms) — statut: online
[2026-06-16T11:36:09.563Z][BackupMonitor(:3001→:3000)] ✓ PING OK (3ms) — statut: online
[2026-06-16T11:36:14.567Z][BackupMonitor(:3001→:3000)] ✓ PING OK (3ms) — statut: online
[2026-06-16T11:36:19.577Z][BackupMonitor(:3001→:3000)] ✓ PING OK (3ms) — statut: online
[2026-06-16T11:36:24.577Z][BackupMonitor(:3001→:3000)] ✓ PING OK (2ms) — statut: online
[2026-06-16T11:36:29.578Z][BackupMonitor(:3001→:3000)] ✓ PING OK (2ms) — statut: online
[2026-06-16T11:36:34.581Z][BackupMonitor(:3001→:3000)] ✓ PING OK (2ms) — statut: online
[2026-06-16T11:36:39.593Z][BackupMonitor(:3001→:3000)] ✓ PING OK (3ms) — statut: online
[2026-06-16T11:36:44.607Z][BackupMonitor(:3001→:3000)] ✓ PING OK (4ms) — statut: online
[2026-06-16T11:36:49.622Z][BackupMonitor(:3001→:3000)] ✓ PING OK (3ms) — statut: online
[2026-06-16T11:36:54.635Z][BackupMonitor(:3001→:3000)] ✓ PING OK (5ms) — statut: online
[2026-06-16T11:36:59.641Z][BackupMonitor(:3001→:3000)] ✓ PING OK (3ms) — statut: online
[2026-06-16T11:37:04.644Z][BackupMonitor(:3001→:3000)] ✓ PING OK (3ms) — statut: online
[2026-06-16T11:37:09.650Z][BackupMonitor(:3001→:3000)] ✓ PING OK (3ms) — statut: online
[2026-06-16T11:37:14.655Z][BackupMonitor(:3001→:3000)] ✓ PING OK (3ms) — statut: online
[2026-06-16T11:37:19.662Z][BackupMonitor(:3001→:3000)] ✓ PING OK (3ms) — statut: online
[2026-06-16T11:37:24.678Z][BackupMonitor(:3001→:3000)] ✓ PING OK (5ms) — statut: online
[2026-06-16T11:37:29.680Z][BackupMonitor(:3001→:3000)] ✓ PING OK (3ms) — statut: online
[2026-06-16T11:37:34.694Z][BackupMonitor(:3001→:3000)] ✓ PING OK (3ms) — statut: online
[2026-06-16T11:37:39.695Z][BackupMonitor(:3001→:3000)] ✓ PING OK (2ms) — statut: online
[2026-06-16T11:37:44.703Z][BackupMonitor(:3001→:3000)] ✓ PING OK (4ms) — statut: online
[2026-06-16T11:37:49.715Z][BackupMonitor(:3001→:3000)] ✓ PING OK (3ms) — statut: online
[2026-06-16T11:37:54.721Z][BackupMonitor(:3001→:3000)] ✓ PING OK (5ms) — statut: online
[2026-06-16T11:37:59.727Z][BackupMonitor(:3001→:3000)] ✓ PING OK (3ms) — statut: online
[2026-06-16T11:38:04.735Z][BackupMonitor(:3001→:3000)] ✓ PING OK (4ms) — statut: online
[2026-06-16T11:38:09.746Z][BackupMonitor(:3001→:3000)] ✓ PING OK (3ms) — statut: online
[2026-06-16T11:38:14.750Z][BackupMonitor(:3001→:3000)] ✓ PING OK (3ms) — statut: online
[2026-06-16T11:38:19.760Z][BackupMonitor(:3001→:3000)] ✓ PING OK (2ms) — statut: online
[2026-06-16T11:38:24.761Z][BackupMonitor(:3001→:3000)] ✓ PING OK (3ms) — statut: online
[2026-06-16T11:38:29.772Z][BackupMonitor(:3001→:3000)] ✓ PING OK (2ms) — statut: online
[2026-06-16T11:38:34.777Z][BackupMonitor(:3001→:3000)] ✓ PING OK (2ms) — statut: online
[2026-06-16T11:38:39.788Z][BackupMonitor(:3001→:3000)] ✓ PING OK (4ms) — statut: online
[2026-06-16T11:38:44.797Z][BackupMonitor(:3001→:3000)] ✓ PING OK (3ms) — statut: online
[2026-06-16T11:38:49.799Z][BackupMonitor(:3001→:3000)] ✓ PING OK (3ms) — statut: online
[2026-06-16T11:38:54.800Z][BackupMonitor(:3001→:3000)] ✓ PING OK (3ms) — statut: online
[2026-06-16T11:38:59.804Z][BackupMonitor(:3001→:3000)] ✓ PING OK (5ms) — statut: online
[2026-06-16T11:39:04.806Z][BackupMonitor(:3001→:3000)] ✓ PING OK (3ms) — statut: online
[2026-06-16T11:39:09.818Z][BackupMonitor(:3001→:3000)] ✓ PING OK (3ms) — statut: online
[2026-06-16T11:39:14.831Z][BackupMonitor(:3001→:3000)] ✓ PING OK (3ms) — statut: online
[2026-06-16T11:39:19.843Z][BackupMonitor(:3001→:3000)] ✓ PING OK (3ms) — statut: online
[2026-06-16T11:39:24.844Z][BackupMonitor(:3001→:3000)] ✓ PING OK (3ms) — statut: online
[2026-06-16T11:39:29.858Z][BackupMonitor(:3001→:3000)] ✓ PING OK (3ms) — statut: online
[2026-06-16T11:39:34.869Z][BackupMonitor(:3001→:3000)] ✓ PING OK (4ms) — statut: online
[2026-06-16T11:39:39.877Z][BackupMonitor(:3001→:3000)] ✓ PING OK (2ms) — statut: online
[2026-06-16T11:39:44.888Z][BackupMonitor(:3001→:3000)] ✓ PING OK (4ms) — statut: online
[2026-06-16T11:39:49.895Z][BackupMonitor(:3001→:3000)] ✓ PING OK (3ms) — statut: online
[2026-06-16T11:39:54.905Z][BackupMonitor(:3001→:3000)] ✓ PING OK (4ms) — statut: online
[2026-06-16T11:39:59.914Z][BackupMonitor(:3001→:3000)] ✓ PING OK (3ms) — statut: online
[2026-06-16T11:40:04.923Z][BackupMonitor(:3001→:3000)] ✓ PING OK (3ms) — statut: online
[2026-06-16T11:40:09.937Z][BackupMonitor(:3001→:3000)] ✓ PING OK (3ms) — statut: online
[2026-06-16T11:40:14.944Z][BackupMonitor(:3001→:3000)] ✓ PING OK (3ms) — statut: online
[2026-06-16T11:40:19.948Z][BackupMonitor(:3001→:3000)] ✓ PING OK (3ms) — statut: online
[2026-06-16T11:40:24.954Z][BackupMonitor(:3001→:3000)] ✓ PING OK (4ms) — statut: online
[2026-06-16T11:40:29.969Z][BackupMonitor(:3001→:3000)] ✓ PING OK (4ms) — statut: online
[2026-06-16T11:40:34.969Z][BackupMonitor(:3001→:3000)] ✓ PING OK (3ms) — statut: online
[2026-06-16T11:40:39.985Z][BackupMonitor(:3001→:3000)] ✓ PING OK (4ms) — statut: online
[2026-06-16T11:40:44.993Z][BackupMonitor(:3001→:3000)] ✓ PING OK (3ms) — statut: online
[2026-06-16T11:40:50.009Z][BackupMonitor(:3001→:3000)] ✓ PING OK (4ms) — statut: online
[2026-06-16T11:40:55.018Z][BackupMonitor(:3001→:3000)] ✓ PING OK (4ms) — statut: online
[2026-06-16T11:41:00.034Z][BackupMonitor(:3001→:3000)] ✓ PING OK (5ms) — statut: online
[2026-06-16T11:41:05.048Z][BackupMonitor(:3001→:3000)] ✓ PING OK (4ms) — statut: online
[2026-06-16T11:41:10.052Z][BackupMonitor(:3001→:3000)] ✓ PING OK (3ms) — statut: online
[2026-06-16T11:41:15.065Z][BackupMonitor(:3001→:3000)] ✓ PING OK (3ms) — statut: online
[2026-06-16T11:41:20.067Z][BackupMonitor(:3001→:3000)] ✓ PING OK (3ms) — statut: online
[2026-06-16T11:41:25.072Z][BackupMonitor(:3001→:3000)] ✓ PING OK (3ms) — statut: online
[2026-06-16T11:41:30.077Z][BackupMonitor(:3001→:3000)] ✓ PING OK (3ms) — statut: online
[2026-06-16T11:41:35.089Z][BackupMonitor(:3001→:3000)] ✓ PING OK (4ms) — statut: online
[2026-06-16T11:41:40.090Z][BackupMonitor(:3001→:3000)] ✓ PING OK (3ms) — statut: online
[2026-06-16T11:41:45.099Z][BackupMonitor(:3001→:3000)] ✓ PING OK (4ms) — statut: online
[2026-06-16T11:41:50.112Z][BackupMonitor(:3001→:3000)] ✓ PING OK (2ms) — statut: online
[2026-06-16T11:41:55.126Z][BackupMonitor(:3001→:3000)] ✓ PING OK (3ms) — statut: online
[2026-06-16T11:42:00.139Z][BackupMonitor(:3001→:3000)] ✓ PING OK (3ms) — statut: online
[2026-06-16T11:42:05.146Z][BackupMonitor(:3001→:3000)] ✓ PING OK (3ms) — statut: online
[2026-06-16T11:42:10.155Z][BackupMonitor(:3001→:3000)] ✓ PING OK (3ms) — statut: online
[2026-06-16T11:42:15.164Z][BackupMonitor(:3001→:3000)] ✓ PING OK (4ms) — statut: online
[2026-06-16T11:42:20.171Z][BackupMonitor(:3001→:3000)] ✓ PING OK (3ms) — statut: online
[2026-06-16T11:42:25.174Z][BackupMonitor(:3001→:3000)] ✓ PING OK (4ms) — statut: online
[2026-06-16T11:42:30.181Z][BackupMonitor(:3001→:3000)] ✓ PING OK (3ms) — statut: online
[2026-06-16T11:42:35.189Z][BackupMonitor(:3001→:3000)] ✓ PING OK (3ms) — statut: online
[2026-06-16T11:42:40.203Z][BackupMonitor(:3001→:3000)] ✓ PING OK (4ms) — statut: online
[2026-06-16T11:42:45.206Z][BackupMonitor(:3001→:3000)] ✓ PING OK (3ms) — statut: online
[2026-06-16T11:42:50.213Z][BackupMonitor(:3001→:3000)] ✓ PING OK (3ms) — statut: online
[2026-06-16T11:42:55.220Z][BackupMonitor(:3001→:3000)] ✓ PING OK (4ms) — statut: online
[2026-06-16T11:43:00.224Z][BackupMonitor(:3001→:3000)] ✓ PING OK (4ms) — statut: online
[2026-06-16T11:43:05.234Z][BackupMonitor(:3001→:3000)] ✓ PING OK (3ms) — statut: online
[2026-06-16T11:43:10.235Z][BackupMonitor(:3001→:3000)] ✓ PING OK (3ms) — statut: online
[2026-06-16T11:43:15.245Z][BackupMonitor(:3001→:3000)] ✓ PING OK (3ms) — statut: online
[2026-06-16T11:43:20.259Z][BackupMonitor(:3001→:3000)] ✓ PING OK (3ms) — statut: online
[2026-06-16T11:43:25.274Z][BackupMonitor(:3001→:3000)] ✓ PING OK (4ms) — statut: online
[2026-06-16T11:43:30.280Z][BackupMonitor(:3001→:3000)] ✓ PING OK (2ms) — statut: online
[2026-06-16T11:43:35.284Z][BackupMonitor(:3001→:3000)] ✓ PING OK (3ms) — statut: online
[2026-06-16T11:43:40.291Z][BackupMonitor(:3001→:3000)] ✓ PING OK (3ms) — statut: online
[2026-06-16T11:43:45.303Z][BackupMonitor(:3001→:3000)] ✓ PING OK (4ms) — statut: online
[2026-06-16T11:43:50.305Z][BackupMonitor(:3001→:3000)] ✓ PING OK (3ms) — statut: online
[2026-06-16T11:43:55.375Z][BackupMonitor(:3001→:3000)] ✓ PING OK (49ms) — statut: online
[2026-06-16T11:44:00.339Z][BackupMonitor(:3001→:3000)] ✓ PING OK (5ms) — statut: online
[2026-06-16T11:44:05.349Z][BackupMonitor(:3001→:3000)] ✓ PING OK (3ms) — statut: online
[2026-06-16T11:44:10.363Z][BackupMonitor(:3001→:3000)] ✓ PING OK (2ms) — statut: online
[2026-06-16T11:44:15.374Z][BackupMonitor(:3001→:3000)] ✓ PING OK (3ms) — statut: online
[2026-06-16T11:44:20.381Z][BackupMonitor(:3001→:3000)] ✓ PING OK (3ms) — statut: online
[2026-06-16T11:44:25.389Z][BackupMonitor(:3001→:3000)] ✓ PING OK (3ms) — statut: online
[2026-06-16T11:44:30.390Z][BackupMonitor(:3001→:3000)] ✓ PING OK (3ms) — statut: online
[2026-06-16T11:44:35.397Z][BackupMonitor(:3001→:3000)] ✓ PING OK (3ms) — statut: online
[2026-06-16T11:44:40.410Z][BackupMonitor(:3001→:3000)] ✓ PING OK (3ms) — statut: online
[2026-06-16T11:44:45.422Z][BackupMonitor(:3001→:3000)] ✓ PING OK (4ms) — statut: online
[2026-06-16T11:44:50.434Z][BackupMonitor(:3001→:3000)] ✓ PING OK (3ms) — statut: online
[2026-06-16T11:44:55.441Z][BackupMonitor(:3001→:3000)] ✓ PING OK (3ms) — statut: online
[2026-06-16T11:45:00.442Z][BackupMonitor(:3001→:3000)] ✓ PING OK (3ms) — statut: online
[2026-06-16T11:45:05.450Z][BackupMonitor(:3001→:3000)] ✓ PING OK (3ms) — statut: online
[2026-06-16T11:45:10.463Z][BackupMonitor(:3001→:3000)] ✓ PING OK (2ms) — statut: online
[2026-06-16T11:45:15.479Z][BackupMonitor(:3001→:3000)] ✓ PING OK (4ms) — statut: online
[2026-06-16T11:45:20.486Z][BackupMonitor(:3001→:3000)] ✓ PING OK (4ms) — statut: online
[2026-06-16T11:45:25.490Z][BackupMonitor(:3001→:3000)] ✓ PING OK (3ms) — statut: online
[2026-06-16T11:45:26.421Z][secondary:3001] Signal SIGINT reçu — arrêt du HeartbeatMonitor...
[2026-06-16T11:45:26.423Z][BackupMonitor(:3001→:3000)] Surveillance arrêtée.
[2026-06-16T11:45:47.006Z][secondary:3001] ✅ SERVEUR BACKUP v2 démarré sur http://localhost:3001
[2026-06-16T11:45:47.009Z][secondary:3001]    Surveillance du principal : http://localhost:3000
[2026-06-16T11:45:47.009Z][secondary:3001]    Failover threshold : 3 échecs | Intervalle : 5000ms
[2026-06-16T11:45:47.009Z][secondary:3001]    Endpoints : /v1/events | /v1/reports | /v1/alerts/sync | /status | /healthz
[2026-06-16T11:45:47.010Z][BackupMonitor(:3001→:3000)] Démarrage surveillance → http://localhost:3000 (intervalle 5000ms)
[2026-06-16T11:45:47.052Z][secondary:3001]    HeartbeatMonitor démarré → http://localhost:3000/healthz
[2026-06-16T11:45:47.064Z][BackupMonitor(:3001→:3000)] ✗ PING ÉCHOUÉ #1/3 (HTTP undefined) — statut: unknown
[2026-06-16T11:45:47.065Z][secondary:3001] 💔 Ping principal échoué (54ms) — échecs: 1/3
[2026-06-16T11:45:52.078Z][BackupMonitor(:3001→:3000)] ✓ PING OK (11ms) — statut: online
[2026-06-16T11:45:57.078Z][BackupMonitor(:3001→:3000)] ✓ PING OK (4ms) — statut: online
[2026-06-16T11:46:02.087Z][BackupMonitor(:3001→:3000)] ✓ PING OK (5ms) — statut: online
[2026-06-16T11:46:07.091Z][BackupMonitor(:3001→:3000)] ✓ PING OK (4ms) — statut: online
[2026-06-16T11:46:12.096Z][BackupMonitor(:3001→:3000)] ✓ PING OK (4ms) — statut: online
[2026-06-16T11:46:17.107Z][BackupMonitor(:3001→:3000)] ✓ PING OK (5ms) — statut: online
[2026-06-16T11:46:22.115Z][BackupMonitor(:3001→:3000)] ✓ PING OK (5ms) — statut: online
[2026-06-16T11:46:27.114Z][BackupMonitor(:3001→:3000)] ✓ PING OK (4ms) — statut: online
[2026-06-16T11:46:32.124Z][BackupMonitor(:3001→:3000)] ✓ PING OK (5ms) — statut: online
[2026-06-16T11:46:37.125Z][BackupMonitor(:3001→:3000)] ✓ PING OK (4ms) — statut: online
[2026-06-16T11:46:42.126Z][BackupMonitor(:3001→:3000)] ✓ PING OK (3ms) — statut: online
[2026-06-16T11:46:47.134Z][BackupMonitor(:3001→:3000)] ✓ PING OK (3ms) — statut: online
[2026-06-16T11:46:52.137Z][BackupMonitor(:3001→:3000)] ✓ PING OK (5ms) — statut: online
[2026-06-16T11:46:57.139Z][BackupMonitor(:3001→:3000)] ✓ PING OK (3ms) — statut: online
[2026-06-16T11:47:02.153Z][BackupMonitor(:3001→:3000)] ✓ PING OK (4ms) — statut: online
[2026-06-16T11:47:07.155Z][BackupMonitor(:3001→:3000)] ✓ PING OK (4ms) — statut: online
[2026-06-16T11:47:12.168Z][BackupMonitor(:3001→:3000)] ✓ PING OK (5ms) — statut: online
[2026-06-16T11:47:17.173Z][BackupMonitor(:3001→:3000)] ✓ PING OK (4ms) — statut: online
[2026-06-16T11:47:22.176Z][BackupMonitor(:3001→:3000)] ✓ PING OK (4ms) — statut: online
[2026-06-16T11:47:27.189Z][BackupMonitor(:3001→:3000)] ✓ PING OK (5ms) — statut: online
[2026-06-16T11:47:32.191Z][BackupMonitor(:3001→:3000)] ✓ PING OK (4ms) — statut: online
[2026-06-16T11:47:37.197Z][BackupMonitor(:3001→:3000)] ✓ PING OK (3ms) — statut: online
[2026-06-16T11:47:42.200Z][BackupMonitor(:3001→:3000)] ✓ PING OK (3ms) — statut: online
[2026-06-16T11:47:47.215Z][BackupMonitor(:3001→:3000)] ✓ PING OK (3ms) — statut: online
[2026-06-16T11:47:52.219Z][BackupMonitor(:3001→:3000)] ✓ PING OK (4ms) — statut: online
[2026-06-16T11:47:57.232Z][BackupMonitor(:3001→:3000)] ✓ PING OK (4ms) — statut: online
[2026-06-16T11:48:02.237Z][BackupMonitor(:3001→:3000)] ✓ PING OK (4ms) — statut: online
[2026-06-16T11:48:07.240Z][BackupMonitor(:3001→:3000)] ✓ PING OK (4ms) — statut: online
[2026-06-16T11:48:12.245Z][BackupMonitor(:3001→:3000)] ✓ PING OK (4ms) — statut: online
[2026-06-16T11:48:17.258Z][BackupMonitor(:3001→:3000)] ✓ PING OK (6ms) — statut: online
[2026-06-16T11:48:22.265Z][BackupMonitor(:3001→:3000)] ✓ PING OK (3ms) — statut: online
[2026-06-16T11:48:27.274Z][BackupMonitor(:3001→:3000)] ✓ PING OK (5ms) — statut: online
[2026-06-16T11:48:32.288Z][BackupMonitor(:3001→:3000)] ✓ PING OK (7ms) — statut: online
[2026-06-16T11:48:37.296Z][BackupMonitor(:3001→:3000)] ✓ PING OK (3ms) — statut: online
[2026-06-16T11:48:42.297Z][BackupMonitor(:3001→:3000)] ✓ PING OK (4ms) — statut: online
[2026-06-16T11:48:47.328Z][BackupMonitor(:3001→:3000)] ✓ PING OK (15ms) — statut: online
[2026-06-16T11:48:52.327Z][BackupMonitor(:3001→:3000)] ✓ PING OK (5ms) — statut: online
[2026-06-16T11:48:57.340Z][BackupMonitor(:3001→:3000)] ✓ PING OK (3ms) — statut: online
[2026-06-16T11:49:02.346Z][BackupMonitor(:3001→:3000)] ✓ PING OK (4ms) — statut: online
[2026-06-16T11:49:07.348Z][BackupMonitor(:3001→:3000)] ✓ PING OK (4ms) — statut: online
[2026-06-16T11:49:12.351Z][BackupMonitor(:3001→:3000)] ✓ PING OK (4ms) — statut: online
[2026-06-16T11:49:17.363Z][BackupMonitor(:3001→:3000)] ✓ PING OK (4ms) — statut: online
[2026-06-16T11:49:22.366Z][BackupMonitor(:3001→:3000)] ✓ PING OK (4ms) — statut: online
[2026-06-16T11:49:27.369Z][BackupMonitor(:3001→:3000)] ✓ PING OK (4ms) — statut: online
[2026-06-16T11:49:32.376Z][BackupMonitor(:3001→:3000)] ✓ PING OK (3ms) — statut: online
[2026-06-16T11:49:37.383Z][BackupMonitor(:3001→:3000)] ✓ PING OK (4ms) — statut: online
[2026-06-16T11:49:42.392Z][BackupMonitor(:3001→:3000)] ✓ PING OK (4ms) — statut: online
[2026-06-16T11:49:47.408Z][BackupMonitor(:3001→:3000)] ✓ PING OK (4ms) — statut: online
[2026-06-16T11:49:52.420Z][BackupMonitor(:3001→:3000)] ✓ PING OK (5ms) — statut: online
[2026-06-16T11:49:57.422Z][BackupMonitor(:3001→:3000)] ✓ PING OK (3ms) — statut: online
[2026-06-16T11:50:02.435Z][BackupMonitor(:3001→:3000)] ✓ PING OK (3ms) — statut: online
[2026-06-16T11:50:07.448Z][BackupMonitor(:3001→:3000)] ✓ PING OK (4ms) — statut: online
[2026-06-16T11:50:12.452Z][BackupMonitor(:3001→:3000)] ✓ PING OK (3ms) — statut: online
[2026-06-16T11:50:17.460Z][BackupMonitor(:3001→:3000)] ✓ PING OK (3ms) — statut: online
[2026-06-16T11:50:22.469Z][BackupMonitor(:3001→:3000)] ✓ PING OK (3ms) — statut: online
[2026-06-16T11:50:27.475Z][BackupMonitor(:3001→:3000)] ✓ PING OK (4ms) — statut: online
[2026-06-16T11:50:32.476Z][BackupMonitor(:3001→:3000)] ✓ PING OK (4ms) — statut: online
[2026-06-16T11:50:37.480Z][BackupMonitor(:3001→:3000)] ✓ PING OK (4ms) — statut: online
[2026-06-16T11:50:42.481Z][BackupMonitor(:3001→:3000)] ✓ PING OK (3ms) — statut: online
[2026-06-16T11:50:47.497Z][BackupMonitor(:3001→:3000)] ✓ PING OK (4ms) — statut: online
[2026-06-16T11:50:52.505Z][BackupMonitor(:3001→:3000)] ✓ PING OK (5ms) — statut: online
[2026-06-16T11:50:57.515Z][BackupMonitor(:3001→:3000)] ✓ PING OK (4ms) — statut: online
[2026-06-16T11:51:02.529Z][BackupMonitor(:3001→:3000)] ✓ PING OK (4ms) — statut: online
[2026-06-16T11:51:07.542Z][BackupMonitor(:3001→:3000)] ✓ PING OK (8ms) — statut: online
[2026-06-16T11:51:12.551Z][BackupMonitor(:3001→:3000)] ✓ PING OK (3ms) — statut: online
[2026-06-16T11:51:17.553Z][BackupMonitor(:3001→:3000)] ✓ PING OK (4ms) — statut: online
[2026-06-16T11:51:22.565Z][BackupMonitor(:3001→:3000)] ✓ PING OK (4ms) — statut: online
[2026-06-16T11:51:27.566Z][BackupMonitor(:3001→:3000)] ✓ PING OK (3ms) — statut: online
[2026-06-16T11:51:32.569Z][BackupMonitor(:3001→:3000)] ✓ PING OK (3ms) — statut: online
[2026-06-16T11:51:37.582Z][BackupMonitor(:3001→:3000)] ✓ PING OK (3ms) — statut: online
[2026-06-16T11:51:42.593Z][BackupMonitor(:3001→:3000)] ✓ PING OK (4ms) — statut: online
[2026-06-16T11:51:47.597Z][BackupMonitor(:3001→:3000)] ✓ PING OK (3ms) — statut: online
[2026-06-16T11:51:52.612Z][BackupMonitor(:3001→:3000)] ✓ PING OK (3ms) — statut: online
[2026-06-16T11:51:57.612Z][BackupMonitor(:3001→:3000)] ✓ PING OK (3ms) — statut: online
[2026-06-16T11:52:02.624Z][BackupMonitor(:3001→:3000)] ✓ PING OK (6ms) — statut: online
[2026-06-16T11:52:07.625Z][BackupMonitor(:3001→:3000)] ✓ PING OK (4ms) — statut: online
[2026-06-16T11:52:12.628Z][BackupMonitor(:3001→:3000)] ✓ PING OK (3ms) — statut: online
[2026-06-16T11:52:17.642Z][BackupMonitor(:3001→:3000)] ✓ PING OK (5ms) — statut: online
[2026-06-16T11:52:22.652Z][BackupMonitor(:3001→:3000)] ✓ PING OK (3ms) — statut: online
[2026-06-16T11:52:27.658Z][BackupMonitor(:3001→:3000)] ✓ PING OK (3ms) — statut: online
[2026-06-16T11:52:32.667Z][BackupMonitor(:3001→:3000)] ✓ PING OK (3ms) — statut: online
[2026-06-16T11:52:37.676Z][BackupMonitor(:3001→:3000)] ✓ PING OK (4ms) — statut: online
[2026-06-16T11:52:42.683Z][BackupMonitor(:3001→:3000)] ✓ PING OK (3ms) — statut: online
[2026-06-16T11:52:47.695Z][BackupMonitor(:3001→:3000)] ✓ PING OK (3ms) — statut: online
[2026-06-16T11:52:52.704Z][BackupMonitor(:3001→:3000)] ✓ PING OK (5ms) — statut: online
[2026-06-16T11:52:57.716Z][BackupMonitor(:3001→:3000)] ✓ PING OK (3ms) — statut: online
[2026-06-16T11:53:02.718Z][BackupMonitor(:3001→:3000)] ✓ PING OK (3ms) — statut: online
[2026-06-16T11:53:07.726Z][BackupMonitor(:3001→:3000)] ✓ PING OK (3ms) — statut: online
[2026-06-16T11:53:12.739Z][BackupMonitor(:3001→:3000)] ✓ PING OK (4ms) — statut: online
[2026-06-16T11:53:17.740Z][BackupMonitor(:3001→:3000)] ✓ PING OK (4ms) — statut: online
[2026-06-16T11:53:22.743Z][BackupMonitor(:3001→:3000)] ✓ PING OK (4ms) — statut: online
[2026-06-16T11:53:27.755Z][BackupMonitor(:3001→:3000)] ✓ PING OK (5ms) — statut: online
[2026-06-16T11:53:32.757Z][BackupMonitor(:3001→:3000)] ✓ PING OK (4ms) — statut: online
[2026-06-16T11:53:37.770Z][BackupMonitor(:3001→:3000)] ✓ PING OK (4ms) — statut: online
[2026-06-16T11:53:42.782Z][BackupMonitor(:3001→:3000)] ✓ PING OK (3ms) — statut: online
[2026-06-16T11:53:47.790Z][BackupMonitor(:3001→:3000)] ✓ PING OK (3ms) — statut: online
[2026-06-16T11:53:52.795Z][BackupMonitor(:3001→:3000)] ✓ PING OK (3ms) — statut: online
[2026-06-16T11:53:57.802Z][BackupMonitor(:3001→:3000)] ✓ PING OK (4ms) — statut: online
[2026-06-16T11:54:02.808Z][BackupMonitor(:3001→:3000)] ✓ PING OK (3ms) — statut: online
[2026-06-16T11:54:07.819Z][BackupMonitor(:3001→:3000)] ✓ PING OK (3ms) — statut: online
[2026-06-16T11:54:12.829Z][BackupMonitor(:3001→:3000)] ✓ PING OK (3ms) — statut: online
[2026-06-16T11:54:17.834Z][BackupMonitor(:3001→:3000)] ✓ PING OK (3ms) — statut: online
[2026-06-16T11:54:22.842Z][BackupMonitor(:3001→:3000)] ✓ PING OK (4ms) — statut: online
[2026-06-16T11:54:27.856Z][BackupMonitor(:3001→:3000)] ✓ PING OK (5ms) — statut: online
[2026-06-16T11:54:32.869Z][BackupMonitor(:3001→:3000)] ✓ PING OK (3ms) — statut: online
[2026-06-16T11:54:37.873Z][BackupMonitor(:3001→:3000)] ✓ PING OK (6ms) — statut: online
[2026-06-16T11:54:42.877Z][BackupMonitor(:3001→:3000)] ✓ PING OK (3ms) — statut: online
[2026-06-16T11:54:47.882Z][BackupMonitor(:3001→:3000)] ✓ PING OK (4ms) — statut: online
[2026-06-16T11:54:52.888Z][BackupMonitor(:3001→:3000)] ✓ PING OK (4ms) — statut: online
[2026-06-16T11:54:57.903Z][BackupMonitor(:3001→:3000)] ✓ PING OK (3ms) — statut: online
[2026-06-16T11:55:02.946Z][BackupMonitor(:3001→:3000)] ✓ PING OK (11ms) — statut: online
[2026-06-16T11:55:07.946Z][BackupMonitor(:3001→:3000)] ✓ PING OK (4ms) — statut: online
[2026-06-16T11:55:12.948Z][BackupMonitor(:3001→:3000)] ✓ PING OK (3ms) — statut: online
[2026-06-16T11:55:17.958Z][BackupMonitor(:3001→:3000)] ✓ PING OK (3ms) — statut: online
[2026-06-16T11:55:22.960Z][BackupMonitor(:3001→:3000)] ✓ PING OK (4ms) — statut: online
[2026-06-16T11:55:27.973Z][BackupMonitor(:3001→:3000)] ✓ PING OK (4ms) — statut: online
[2026-06-16T11:55:32.983Z][BackupMonitor(:3001→:3000)] ✓ PING OK (4ms) — statut: online
[2026-06-16T11:55:37.991Z][BackupMonitor(:3001→:3000)] ✓ PING OK (4ms) — statut: online
[2026-06-16T11:55:43.005Z][BackupMonitor(:3001→:3000)] ✓ PING OK (4ms) — statut: online
[2026-06-16T11:55:48.004Z][BackupMonitor(:3001→:3000)] ✓ PING OK (3ms) — statut: online
[2026-06-16T11:55:53.012Z][BackupMonitor(:3001→:3000)] ✓ PING OK (3ms) — statut: online
[2026-06-16T11:55:58.026Z][BackupMonitor(:3001→:3000)] ✓ PING OK (4ms) — statut: online
[2026-06-16T11:56:03.025Z][BackupMonitor(:3001→:3000)] ✓ PING OK (3ms) — statut: online
[2026-06-16T11:56:08.031Z][BackupMonitor(:3001→:3000)] ✓ PING OK (4ms) — statut: online
[2026-06-16T11:56:13.041Z][BackupMonitor(:3001→:3000)] ✓ PING OK (3ms) — statut: online
[2026-06-16T11:56:18.045Z][BackupMonitor(:3001→:3000)] ✓ PING OK (3ms) — statut: online
[2026-06-16T11:56:23.047Z][BackupMonitor(:3001→:3000)] ✓ PING OK (4ms) — statut: online
[2026-06-16T11:56:28.066Z][BackupMonitor(:3001→:3000)] ✓ PING OK (11ms) — statut: online
[2026-06-16T11:56:33.061Z][BackupMonitor(:3001→:3000)] ✓ PING OK (3ms) — statut: online
[2026-06-16T11:56:38.076Z][BackupMonitor(:3001→:3000)] ✓ PING OK (3ms) — statut: online
[2026-06-16T11:56:43.090Z][BackupMonitor(:3001→:3000)] ✓ PING OK (4ms) — statut: online
[2026-06-16T11:56:48.102Z][BackupMonitor(:3001→:3000)] ✓ PING OK (4ms) — statut: online
[2026-06-16T11:56:53.115Z][BackupMonitor(:3001→:3000)] ✓ PING OK (4ms) — statut: online
[2026-06-16T11:56:58.121Z][BackupMonitor(:3001→:3000)] ✓ PING OK (4ms) — statut: online
[2026-06-16T11:57:03.125Z][BackupMonitor(:3001→:3000)] ✓ PING OK (3ms) — statut: online
[2026-06-16T11:57:08.135Z][BackupMonitor(:3001→:3000)] ✓ PING OK (4ms) — statut: online
[2026-06-16T11:57:13.146Z][BackupMonitor(:3001→:3000)] ✓ PING OK (4ms) — statut: online
[2026-06-16T11:57:18.149Z][BackupMonitor(:3001→:3000)] ✓ PING OK (4ms) — statut: online
[2026-06-16T11:57:23.160Z][BackupMonitor(:3001→:3000)] ✓ PING OK (4ms) — statut: online
[2026-06-16T11:57:28.175Z][BackupMonitor(:3001→:3000)] ✓ PING OK (4ms) — statut: online
[2026-06-16T11:57:33.184Z][BackupMonitor(:3001→:3000)] ✓ PING OK (4ms) — statut: online
[2026-06-16T11:57:38.191Z][BackupMonitor(:3001→:3000)] ✓ PING OK (4ms) — statut: online
[2026-06-16T11:57:43.202Z][BackupMonitor(:3001→:3000)] ✓ PING OK (4ms) — statut: online
[2026-06-16T11:57:48.203Z][BackupMonitor(:3001→:3000)] ✓ PING OK (4ms) — statut: online
[2026-06-16T11:57:53.215Z][BackupMonitor(:3001→:3000)] ✓ PING OK (4ms) — statut: online
[2026-06-16T11:57:58.227Z][BackupMonitor(:3001→:3000)] ✓ PING OK (4ms) — statut: online
[2026-06-16T11:58:03.240Z][BackupMonitor(:3001→:3000)] ✓ PING OK (5ms) — statut: online
[2026-06-16T11:58:08.251Z][BackupMonitor(:3001→:3000)] ✓ PING OK (3ms) — statut: online
[2026-06-16T11:58:13.263Z][BackupMonitor(:3001→:3000)] ✓ PING OK (4ms) — statut: online
[2026-06-16T11:58:18.271Z][BackupMonitor(:3001→:3000)] ✓ PING OK (4ms) — statut: online
[2026-06-16T11:58:23.282Z][BackupMonitor(:3001→:3000)] ✓ PING OK (4ms) — statut: online
[2026-06-16T11:58:28.293Z][BackupMonitor(:3001→:3000)] ✓ PING OK (3ms) — statut: online
[2026-06-16T11:58:33.299Z][BackupMonitor(:3001→:3000)] ✓ PING OK (4ms) — statut: online
[2026-06-16T11:58:38.301Z][BackupMonitor(:3001→:3000)] ✓ PING OK (4ms) — statut: online
[2026-06-16T11:58:43.302Z][BackupMonitor(:3001→:3000)] ✓ PING OK (4ms) — statut: online
[2026-06-16T11:58:48.307Z][BackupMonitor(:3001→:3000)] ✓ PING OK (4ms) — statut: online
[2026-06-16T11:58:53.315Z][BackupMonitor(:3001→:3000)] ✓ PING OK (3ms) — statut: online
[2026-06-16T11:58:58.315Z][BackupMonitor(:3001→:3000)] ✓ PING OK (4ms) — statut: online
[2026-06-16T11:59:03.319Z][BackupMonitor(:3001→:3000)] ✓ PING OK (3ms) — statut: online
[2026-06-16T11:59:08.334Z][BackupMonitor(:3001→:3000)] ✓ PING OK (5ms) — statut: online
[2026-06-16T11:59:13.350Z][BackupMonitor(:3001→:3000)] ✓ PING OK (7ms) — statut: online
[2026-06-16T11:59:18.363Z][BackupMonitor(:3001→:3000)] ✓ PING OK (4ms) — statut: online
[2026-06-16T11:59:23.367Z][BackupMonitor(:3001→:3000)] ✓ PING OK (4ms) — statut: online
[2026-06-16T11:59:28.369Z][BackupMonitor(:3001→:3000)] ✓ PING OK (3ms) — statut: online
[2026-06-16T11:59:33.373Z][BackupMonitor(:3001→:3000)] ✓ PING OK (4ms) — statut: online
[2026-06-16T11:59:38.382Z][BackupMonitor(:3001→:3000)] ✓ PING OK (4ms) — statut: online
[2026-06-16T11:59:43.385Z][BackupMonitor(:3001→:3000)] ✓ PING OK (3ms) — statut: online
[2026-06-16T11:59:48.390Z][BackupMonitor(:3001→:3000)] ✓ PING OK (5ms) — statut: online
[2026-06-16T11:59:53.395Z][BackupMonitor(:3001→:3000)] ✓ PING OK (3ms) — statut: online
[2026-06-16T11:59:58.403Z][BackupMonitor(:3001→:3000)] ✓ PING OK (4ms) — statut: online
[2026-06-16T12:00:03.409Z][BackupMonitor(:3001→:3000)] ✓ PING OK (3ms) — statut: online
[2026-06-16T12:00:08.415Z][BackupMonitor(:3001→:3000)] ✓ PING OK (4ms) — statut: online
[2026-06-16T12:00:13.427Z][BackupMonitor(:3001→:3000)] ✓ PING OK (5ms) — statut: online
[2026-06-16T12:00:18.434Z][BackupMonitor(:3001→:3000)] ✓ PING OK (4ms) — statut: online
[2026-06-16T12:00:23.449Z][BackupMonitor(:3001→:3000)] ✓ PING OK (4ms) — statut: online
[2026-06-16T12:00:28.460Z][BackupMonitor(:3001→:3000)] ✓ PING OK (5ms) — statut: online
[2026-06-16T12:00:33.474Z][BackupMonitor(:3001→:3000)] ✓ PING OK (5ms) — statut: online
[2026-06-16T12:00:38.474Z][BackupMonitor(:3001→:3000)] ✓ PING OK (4ms) — statut: online
[2026-06-16T12:00:43.488Z][BackupMonitor(:3001→:3000)] ✓ PING OK (4ms) — statut: online
[2026-06-16T12:00:48.496Z][BackupMonitor(:3001→:3000)] ✓ PING OK (4ms) — statut: online
[2026-06-16T12:00:53.499Z][BackupMonitor(:3001→:3000)] ✓ PING OK (3ms) — statut: online
[2026-06-16T12:00:58.516Z][BackupMonitor(:3001→:3000)] ✓ PING OK (7ms) — statut: online
[2026-06-16T12:01:03.520Z][BackupMonitor(:3001→:3000)] ✓ PING OK (4ms) — statut: online
[2026-06-16T12:01:08.526Z][BackupMonitor(:3001→:3000)] ✓ PING OK (4ms) — statut: online
[2026-06-16T12:01:13.538Z][BackupMonitor(:3001→:3000)] ✓ PING OK (4ms) — statut: online
[2026-06-16T12:01:18.546Z][BackupMonitor(:3001→:3000)] ✓ PING OK (4ms) — statut: online
[2026-06-16T12:01:23.548Z][BackupMonitor(:3001→:3000)] ✓ PING OK (3ms) — statut: online
[2026-06-16T12:01:28.556Z][BackupMonitor(:3001→:3000)] ✓ PING OK (5ms) — statut: online
[2026-06-16T12:01:33.563Z][BackupMonitor(:3001→:3000)] ✓ PING OK (5ms) — statut: online
[2026-06-16T12:01:38.566Z][BackupMonitor(:3001→:3000)] ✓ PING OK (4ms) — statut: online
[2026-06-16T12:01:43.572Z][BackupMonitor(:3001→:3000)] ✓ PING OK (4ms) — statut: online
[2026-06-16T12:01:48.577Z][BackupMonitor(:3001→:3000)] ✓ PING OK (6ms) — statut: online
[2026-06-16T12:01:53.589Z][BackupMonitor(:3001→:3000)] ✓ PING OK (4ms) — statut: online
[2026-06-16T12:01:58.592Z][BackupMonitor(:3001→:3000)] ✓ PING OK (4ms) — statut: online
[2026-06-16T12:02:03.592Z][BackupMonitor(:3001→:3000)] ✓ PING OK (3ms) — statut: online
[2026-06-16T12:02:08.600Z][BackupMonitor(:3001→:3000)] ✓ PING OK (3ms) — statut: online
[2026-06-16T12:02:13.611Z][BackupMonitor(:3001→:3000)] ✓ PING OK (4ms) — statut: online
[2026-06-16T12:02:18.626Z][BackupMonitor(:3001→:3000)] ✓ PING OK (3ms) — statut: online
[2026-06-16T12:02:23.633Z][BackupMonitor(:3001→:3000)] ✓ PING OK (3ms) — statut: online
[2026-06-16T12:02:28.640Z][BackupMonitor(:3001→:3000)] ✓ PING OK (5ms) — statut: online
[2026-06-16T12:02:33.655Z][BackupMonitor(:3001→:3000)] ✓ PING OK (4ms) — statut: online
[2026-06-16T12:02:38.659Z][BackupMonitor(:3001→:3000)] ✓ PING OK (5ms) — statut: online
[2026-06-16T12:02:43.662Z][BackupMonitor(:3001→:3000)] ✓ PING OK (3ms) — statut: online
[2026-06-16T12:02:48.675Z][BackupMonitor(:3001→:3000)] ✓ PING OK (5ms) — statut: online
[2026-06-16T12:02:53.687Z][BackupMonitor(:3001→:3000)] ✓ PING OK (3ms) — statut: online
[2026-06-16T12:02:58.700Z][BackupMonitor(:3001→:3000)] ✓ PING OK (3ms) — statut: online
[2026-06-16T12:03:03.713Z][BackupMonitor(:3001→:3000)] ✓ PING OK (4ms) — statut: online
[2026-06-16T12:03:08.727Z][BackupMonitor(:3001→:3000)] ✓ PING OK (4ms) — statut: online
[2026-06-16T12:03:13.739Z][BackupMonitor(:3001→:3000)] ✓ PING OK (5ms) — statut: online
[2026-06-16T12:03:18.741Z][BackupMonitor(:3001→:3000)] ✓ PING OK (5ms) — statut: online
[2026-06-16T12:03:23.751Z][BackupMonitor(:3001→:3000)] ✓ PING OK (3ms) — statut: online
[2026-06-16T12:03:28.754Z][BackupMonitor(:3001→:3000)] ✓ PING OK (3ms) — statut: online
[2026-06-16T12:03:33.759Z][BackupMonitor(:3001→:3000)] ✓ PING OK (4ms) — statut: online
[2026-06-16T12:03:38.763Z][BackupMonitor(:3001→:3000)] ✓ PING OK (4ms) — statut: online
[2026-06-16T12:03:43.769Z][BackupMonitor(:3001→:3000)] ✓ PING OK (3ms) — statut: online
[2026-06-16T12:03:48.771Z][BackupMonitor(:3001→:3000)] ✓ PING OK (3ms) — statut: online
[2026-06-16T12:03:53.775Z][BackupMonitor(:3001→:3000)] ✓ PING OK (4ms) — statut: online
[2026-06-16T12:03:58.786Z][BackupMonitor(:3001→:3000)] ✓ PING OK (4ms) — statut: online
[2026-06-16T12:04:03.794Z][BackupMonitor(:3001→:3000)] ✓ PING OK (4ms) — statut: online
[2026-06-16T12:04:08.804Z][BackupMonitor(:3001→:3000)] ✓ PING OK (4ms) — statut: online
[2026-06-16T12:04:13.816Z][BackupMonitor(:3001→:3000)] ✓ PING OK (4ms) — statut: online
[2026-06-16T12:04:18.816Z][BackupMonitor(:3001→:3000)] ✓ PING OK (3ms) — statut: online
[2026-06-16T12:04:23.827Z][BackupMonitor(:3001→:3000)] ✓ PING OK (3ms) — statut: online
[2026-06-16T12:04:28.838Z][BackupMonitor(:3001→:3000)] ✓ PING OK (6ms) — statut: online
[2026-06-16T12:04:33.840Z][BackupMonitor(:3001→:3000)] ✓ PING OK (5ms) — statut: online
[2026-06-16T12:04:38.842Z][BackupMonitor(:3001→:3000)] ✓ PING OK (5ms) — statut: online
[2026-06-16T12:04:43.843Z][BackupMonitor(:3001→:3000)] ✓ PING OK (3ms) — statut: online
[2026-06-16T12:04:48.859Z][BackupMonitor(:3001→:3000)] ✓ PING OK (3ms) — statut: online
[2026-06-16T12:04:53.864Z][BackupMonitor(:3001→:3000)] ✓ PING OK (3ms) — statut: online
[2026-06-16T12:04:58.870Z][BackupMonitor(:3001→:3000)] ✓ PING OK (4ms) — statut: online
[2026-06-16T12:05:03.881Z][BackupMonitor(:3001→:3000)] ✓ PING OK (3ms) — statut: online
[2026-06-16T12:05:08.886Z][BackupMonitor(:3001→:3000)] ✓ PING OK (3ms) — statut: online
[2026-06-16T12:05:13.897Z][BackupMonitor(:3001→:3000)] ✓ PING OK (3ms) — statut: online
[2026-06-16T12:05:18.910Z][BackupMonitor(:3001→:3000)] ✓ PING OK (4ms) — statut: online
[2026-06-16T12:05:23.913Z][BackupMonitor(:3001→:3000)] ✓ PING OK (4ms) — statut: online
[2026-06-16T12:05:28.914Z][BackupMonitor(:3001→:3000)] ✓ PING OK (3ms) — statut: online
[2026-06-16T12:05:33.926Z][BackupMonitor(:3001→:3000)] ✓ PING OK (5ms) — statut: online
[2026-06-16T12:05:38.933Z][BackupMonitor(:3001→:3000)] ✓ PING OK (4ms) — statut: online
[2026-06-16T12:05:43.940Z][BackupMonitor(:3001→:3000)] ✓ PING OK (4ms) — statut: online
[2026-06-16T12:05:48.950Z][BackupMonitor(:3001→:3000)] ✓ PING OK (4ms) — statut: online
[2026-06-16T12:05:53.960Z][BackupMonitor(:3001→:3000)] ✓ PING OK (4ms) — statut: online
[2026-06-16T12:05:58.963Z][BackupMonitor(:3001→:3000)] ✓ PING OK (5ms) — statut: online
[2026-06-16T12:06:03.978Z][BackupMonitor(:3001→:3000)] ✓ PING OK (4ms) — statut: online
[2026-06-16T12:06:08.990Z][BackupMonitor(:3001→:3000)] ✓ PING OK (5ms) — statut: online
[2026-06-16T12:06:13.992Z][BackupMonitor(:3001→:3000)] ✓ PING OK (3ms) — statut: online
[2026-06-16T12:06:19.006Z][BackupMonitor(:3001→:3000)] ✓ PING OK (5ms) — statut: online
[2026-06-16T12:06:24.016Z][BackupMonitor(:3001→:3000)] ✓ PING OK (4ms) — statut: online
[2026-06-16T12:06:29.023Z][BackupMonitor(:3001→:3000)] ✓ PING OK (5ms) — statut: online
[2026-06-16T12:06:34.023Z][BackupMonitor(:3001→:3000)] ✓ PING OK (5ms) — statut: online
[2026-06-16T12:06:39.030Z][BackupMonitor(:3001→:3000)] ✓ PING OK (4ms) — statut: online
[2026-06-16T12:06:44.032Z][BackupMonitor(:3001→:3000)] ✓ PING OK (2ms) — statut: online
[2026-06-16T12:06:49.035Z][BackupMonitor(:3001→:3000)] ✓ PING OK (4ms) — statut: online
[2026-06-16T12:06:54.063Z][BackupMonitor(:3001→:3000)] ✓ PING OK (4ms) — statut: online
[2026-06-16T12:06:59.075Z][BackupMonitor(:3001→:3000)] ✓ PING OK (5ms) — statut: online
[2026-06-16T12:07:04.089Z][BackupMonitor(:3001→:3000)] ✓ PING OK (6ms) — statut: online
[2026-06-16T12:07:09.093Z][BackupMonitor(:3001→:3000)] ✓ PING OK (3ms) — statut: online
[2026-06-16T12:07:14.102Z][BackupMonitor(:3001→:3000)] ✓ PING OK (5ms) — statut: online
[2026-06-16T12:07:19.120Z][BackupMonitor(:3001→:3000)] ✓ PING OK (7ms) — statut: online
[2026-06-16T12:07:24.119Z][BackupMonitor(:3001→:3000)] ✓ PING OK (3ms) — statut: online
[2026-06-16T12:07:29.124Z][BackupMonitor(:3001→:3000)] ✓ PING OK (5ms) — statut: online
[2026-06-16T12:07:34.123Z][BackupMonitor(:3001→:3000)] ✓ PING OK (4ms) — statut: online
[2026-06-16T12:07:39.135Z][BackupMonitor(:3001→:3000)] ✓ PING OK (3ms) — statut: online
[2026-06-16T12:07:44.147Z][BackupMonitor(:3001→:3000)] ✓ PING OK (3ms) — statut: online
[2026-06-16T12:07:49.161Z][BackupMonitor(:3001→:3000)] ✓ PING OK (3ms) — statut: online
[2026-06-16T12:07:54.164Z][BackupMonitor(:3001→:3000)] ✓ PING OK (3ms) — statut: online
[2026-06-16T12:07:59.179Z][BackupMonitor(:3001→:3000)] ✓ PING OK (3ms) — statut: online
[2026-06-16T12:08:04.183Z][BackupMonitor(:3001→:3000)] ✓ PING OK (3ms) — statut: online
[2026-06-16T12:08:09.194Z][BackupMonitor(:3001→:3000)] ✓ PING OK (6ms) — statut: online
[2026-06-16T12:08:14.196Z][BackupMonitor(:3001→:3000)] ✓ PING OK (3ms) — statut: online
[2026-06-16T12:08:19.199Z][BackupMonitor(:3001→:3000)] ✓ PING OK (3ms) — statut: online
[2026-06-16T12:08:24.206Z][BackupMonitor(:3001→:3000)] ✓ PING OK (6ms) — statut: online
[2026-06-16T12:08:29.214Z][BackupMonitor(:3001→:3000)] ✓ PING OK (3ms) — statut: online
[2026-06-16T12:08:34.216Z][BackupMonitor(:3001→:3000)] ✓ PING OK (3ms) — statut: online
[2026-06-16T12:08:39.230Z][BackupMonitor(:3001→:3000)] ✓ PING OK (6ms) — statut: online
[2026-06-16T12:08:44.236Z][BackupMonitor(:3001→:3000)] ✓ PING OK (4ms) — statut: online
[2026-06-16T12:08:49.247Z][BackupMonitor(:3001→:3000)] ✓ PING OK (3ms) — statut: online
[2026-06-16T12:08:54.250Z][BackupMonitor(:3001→:3000)] ✓ PING OK (3ms) — statut: online
[2026-06-16T12:08:59.255Z][BackupMonitor(:3001→:3000)] ✓ PING OK (3ms) — statut: online
[2026-06-16T12:09:04.271Z][BackupMonitor(:3001→:3000)] ✓ PING OK (4ms) — statut: online
[2026-06-16T12:09:09.282Z][BackupMonitor(:3001→:3000)] ✓ PING OK (4ms) — statut: online
[2026-06-16T12:09:14.294Z][BackupMonitor(:3001→:3000)] ✓ PING OK (5ms) — statut: online
[2026-06-16T12:09:19.297Z][BackupMonitor(:3001→:3000)] ✓ PING OK (4ms) — statut: online
[2026-06-16T12:09:24.297Z][BackupMonitor(:3001→:3000)] ✓ PING OK (3ms) — statut: online
[2026-06-16T12:09:29.311Z][BackupMonitor(:3001→:3000)] ✓ PING OK (4ms) — statut: online
[2026-06-16T12:09:34.328Z][BackupMonitor(:3001→:3000)] ✓ PING OK (8ms) — statut: online
[2026-06-16T12:09:39.340Z][BackupMonitor(:3001→:3000)] ✓ PING OK (4ms) — statut: online
[2026-06-16T12:09:44.342Z][BackupMonitor(:3001→:3000)] ✓ PING OK (3ms) — statut: online
[2026-06-16T12:09:49.356Z][BackupMonitor(:3001→:3000)] ✓ PING OK (3ms) — statut: online
[2026-06-16T12:09:54.371Z][BackupMonitor(:3001→:3000)] ✓ PING OK (3ms) — statut: online
[2026-06-16T12:09:59.375Z][BackupMonitor(:3001→:3000)] ✓ PING OK (4ms) — statut: online
[2026-06-16T12:10:04.427Z][BackupMonitor(:3001→:3000)] ✓ PING OK (19ms) — statut: online
[2026-06-16T12:10:09.414Z][BackupMonitor(:3001→:3000)] ✓ PING OK (3ms) — statut: online
[2026-06-16T12:10:14.419Z][BackupMonitor(:3001→:3000)] ✓ PING OK (3ms) — statut: online
[2026-06-16T12:10:19.425Z][BackupMonitor(:3001→:3000)] ✓ PING OK (5ms) — statut: online
[2026-06-16T12:10:24.430Z][BackupMonitor(:3001→:3000)] ✓ PING OK (8ms) — statut: online
[2026-06-16T12:10:29.436Z][BackupMonitor(:3001→:3000)] ✓ PING OK (4ms) — statut: online
[2026-06-16T12:10:34.439Z][BackupMonitor(:3001→:3000)] ✓ PING OK (6ms) — statut: online
[2026-06-16T12:10:39.447Z][BackupMonitor(:3001→:3000)] ✓ PING OK (4ms) — statut: online
[2026-06-16T12:10:44.450Z][BackupMonitor(:3001→:3000)] ✓ PING OK (3ms) — statut: online
[2026-06-16T12:10:49.450Z][BackupMonitor(:3001→:3000)] ✓ PING OK (2ms) — statut: online
[2026-06-16T12:10:54.465Z][BackupMonitor(:3001→:3000)] ✓ PING OK (3ms) — statut: online
[2026-06-16T12:10:59.478Z][BackupMonitor(:3001→:3000)] ✓ PING OK (3ms) — statut: online
[2026-06-16T12:11:04.482Z][BackupMonitor(:3001→:3000)] ✓ PING OK (3ms) — statut: online
[2026-06-16T12:11:09.492Z][BackupMonitor(:3001→:3000)] ✓ PING OK (3ms) — statut: online
[2026-06-16T12:11:14.500Z][BackupMonitor(:3001→:3000)] ✓ PING OK (3ms) — statut: online
[2026-06-16T12:11:19.505Z][BackupMonitor(:3001→:3000)] ✓ PING OK (3ms) — statut: online
[2026-06-16T12:11:24.520Z][BackupMonitor(:3001→:3000)] ✓ PING OK (4ms) — statut: online
[2026-06-16T12:11:29.533Z][BackupMonitor(:3001→:3000)] ✓ PING OK (3ms) — statut: online
[2026-06-16T12:11:34.545Z][BackupMonitor(:3001→:3000)] ✓ PING OK (7ms) — statut: online
[2026-06-16T12:11:39.555Z][BackupMonitor(:3001→:3000)] ✓ PING OK (3ms) — statut: online
[2026-06-16T12:11:44.569Z][BackupMonitor(:3001→:3000)] ✓ PING OK (4ms) — statut: online
[2026-06-16T12:11:49.576Z][BackupMonitor(:3001→:3000)] ✓ PING OK (4ms) — statut: online
[2026-06-16T12:11:54.580Z][BackupMonitor(:3001→:3000)] ✓ PING OK (3ms) — statut: online
[2026-06-16T12:11:59.583Z][BackupMonitor(:3001→:3000)] ✓ PING OK (4ms) — statut: online
[2026-06-16T12:12:04.585Z][BackupMonitor(:3001→:3000)] ✓ PING OK (3ms) — statut: online
[2026-06-16T12:12:09.587Z][BackupMonitor(:3001→:3000)] ✓ PING OK (3ms) — statut: online
[2026-06-16T12:12:14.587Z][BackupMonitor(:3001→:3000)] ✓ PING OK (3ms) — statut: online
[2026-06-16T12:12:19.589Z][BackupMonitor(:3001→:3000)] ✓ PING OK (4ms) — statut: online
[2026-06-16T12:12:24.593Z][BackupMonitor(:3001→:3000)] ✓ PING OK (3ms) — statut: online
[2026-06-16T12:12:29.595Z][BackupMonitor(:3001→:3000)] ✓ PING OK (3ms) — statut: online
[2026-06-16T12:12:34.608Z][BackupMonitor(:3001→:3000)] ✓ PING OK (4ms) — statut: online
[2026-06-16T12:12:39.612Z][BackupMonitor(:3001→:3000)] ✓ PING OK (3ms) — statut: online
[2026-06-16T12:12:44.617Z][BackupMonitor(:3001→:3000)] ✓ PING OK (3ms) — statut: online
[2026-06-16T12:12:49.631Z][BackupMonitor(:3001→:3000)] ✓ PING OK (3ms) — statut: online
[2026-06-16T12:12:54.644Z][BackupMonitor(:3001→:3000)] ✓ PING OK (4ms) — statut: online
[2026-06-16T12:12:59.649Z][BackupMonitor(:3001→:3000)] ✓ PING OK (3ms) — statut: online
[2026-06-16T12:13:04.659Z][BackupMonitor(:3001→:3000)] ✓ PING OK (3ms) — statut: online
[2026-06-16T12:13:09.664Z][BackupMonitor(:3001→:3000)] ✓ PING OK (3ms) — statut: online
[2026-06-16T12:13:14.680Z][BackupMonitor(:3001→:3000)] ✓ PING OK (4ms) — statut: online
[2026-06-16T12:13:19.680Z][BackupMonitor(:3001→:3000)] ✓ PING OK (4ms) — statut: online
[2026-06-16T12:13:24.689Z][BackupMonitor(:3001→:3000)] ✓ PING OK (4ms) — statut: online
[2026-06-16T12:13:29.702Z][BackupMonitor(:3001→:3000)] ✓ PING OK (3ms) — statut: online
[2026-06-16T12:13:34.708Z][BackupMonitor(:3001→:3000)] ✓ PING OK (3ms) — statut: online
[2026-06-16T12:13:39.716Z][BackupMonitor(:3001→:3000)] ✓ PING OK (4ms) — statut: online
[2026-06-16T12:13:44.725Z][BackupMonitor(:3001→:3000)] ✓ PING OK (5ms) — statut: online
[2026-06-16T12:13:49.739Z][BackupMonitor(:3001→:3000)] ✓ PING OK (4ms) — statut: online
[2026-06-16T12:13:54.753Z][BackupMonitor(:3001→:3000)] ✓ PING OK (3ms) — statut: online
[2026-06-16T12:13:59.754Z][BackupMonitor(:3001→:3000)] ✓ PING OK (3ms) — statut: online
[2026-06-16T12:14:04.755Z][BackupMonitor(:3001→:3000)] ✓ PING OK (3ms) — statut: online
[2026-06-16T12:14:09.758Z][BackupMonitor(:3001→:3000)] ✓ PING OK (3ms) — statut: online
[2026-06-16T12:14:14.766Z][BackupMonitor(:3001→:3000)] ✓ PING OK (3ms) — statut: online
[2026-06-16T12:14:19.769Z][BackupMonitor(:3001→:3000)] ✓ PING OK (3ms) — statut: online
[2026-06-16T12:14:24.777Z][BackupMonitor(:3001→:3000)] ✓ PING OK (3ms) — statut: online
[2026-06-16T12:14:29.782Z][BackupMonitor(:3001→:3000)] ✓ PING OK (3ms) — statut: online
[2026-06-16T12:14:34.785Z][BackupMonitor(:3001→:3000)] ✓ PING OK (4ms) — statut: online
[2026-06-16T12:14:39.787Z][BackupMonitor(:3001→:3000)] ✓ PING OK (3ms) — statut: online
[2026-06-16T12:14:44.800Z][BackupMonitor(:3001→:3000)] ✓ PING OK (3ms) — statut: online
[2026-06-16T12:14:49.809Z][BackupMonitor(:3001→:3000)] ✓ PING OK (5ms) — statut: online
[2026-06-16T12:14:54.818Z][BackupMonitor(:3001→:3000)] ✓ PING OK (3ms) — statut: online
[2026-06-16T12:14:59.823Z][BackupMonitor(:3001→:3000)] ✓ PING OK (4ms) — statut: online
[2026-06-16T12:15:04.833Z][BackupMonitor(:3001→:3000)] ✓ PING OK (3ms) — statut: online
[2026-06-16T12:15:09.836Z][BackupMonitor(:3001→:3000)] ✓ PING OK (3ms) — statut: online
[2026-06-16T12:15:14.843Z][BackupMonitor(:3001→:3000)] ✓ PING OK (3ms) — statut: online
[2026-06-16T12:15:19.852Z][BackupMonitor(:3001→:3000)] ✓ PING OK (3ms) — statut: online
[2026-06-16T12:15:24.857Z][BackupMonitor(:3001→:3000)] ✓ PING OK (4ms) — statut: online
[2026-06-16T12:15:29.868Z][BackupMonitor(:3001→:3000)] ✓ PING OK (3ms) — statut: online
[2026-06-16T12:15:34.870Z][BackupMonitor(:3001→:3000)] ✓ PING OK (3ms) — statut: online
[2026-06-16T12:15:39.875Z][BackupMonitor(:3001→:3000)] ✓ PING OK (3ms) — statut: online
[2026-06-16T12:15:44.887Z][BackupMonitor(:3001→:3000)] ✓ PING OK (3ms) — statut: online
[2026-06-16T12:15:49.899Z][BackupMonitor(:3001→:3000)] ✓ PING OK (4ms) — statut: online
[2026-06-16T12:15:54.910Z][BackupMonitor(:3001→:3000)] ✓ PING OK (4ms) — statut: online
[2026-06-16T12:15:59.917Z][BackupMonitor(:3001→:3000)] ✓ PING OK (3ms) — statut: online
[2026-06-16T12:16:04.928Z][BackupMonitor(:3001→:3000)] ✓ PING OK (4ms) — statut: online
[2026-06-16T12:16:09.936Z][BackupMonitor(:3001→:3000)] ✓ PING OK (4ms) — statut: online
[2026-06-16T12:16:14.950Z][BackupMonitor(:3001→:3000)] ✓ PING OK (3ms) — statut: online
[2026-06-16T12:16:19.958Z][BackupMonitor(:3001→:3000)] ✓ PING OK (2ms) — statut: online
[2026-06-16T12:16:24.960Z][BackupMonitor(:3001→:3000)] ✓ PING OK (4ms) — statut: online
[2026-06-16T12:16:29.965Z][BackupMonitor(:3001→:3000)] ✓ PING OK (3ms) — statut: online
[2026-06-16T12:16:34.969Z][BackupMonitor(:3001→:3000)] ✓ PING OK (4ms) — statut: online
[2026-06-16T12:16:39.980Z][BackupMonitor(:3001→:3000)] ✓ PING OK (3ms) — statut: online
[2026-06-16T12:16:44.995Z][BackupMonitor(:3001→:3000)] ✓ PING OK (3ms) — statut: online
[2026-06-16T12:16:50.010Z][BackupMonitor(:3001→:3000)] ✓ PING OK (4ms) — statut: online
[2026-06-16T12:16:55.010Z][BackupMonitor(:3001→:3000)] ✓ PING OK (3ms) — statut: online
[2026-06-16T12:17:00.018Z][BackupMonitor(:3001→:3000)] ✓ PING OK (4ms) — statut: online
[2026-06-16T12:17:05.021Z][BackupMonitor(:3001→:3000)] ✓ PING OK (3ms) — statut: online
[2026-06-16T12:17:10.027Z][BackupMonitor(:3001→:3000)] ✓ PING OK (2ms) — statut: online
[2026-06-16T12:17:15.043Z][BackupMonitor(:3001→:3000)] ✓ PING OK (4ms) — statut: online
[2026-06-16T12:17:20.057Z][BackupMonitor(:3001→:3000)] ✓ PING OK (3ms) — statut: online
[2026-06-16T12:17:25.073Z][BackupMonitor(:3001→:3000)] ✓ PING OK (4ms) — statut: online
[2026-06-16T12:17:30.081Z][BackupMonitor(:3001→:3000)] ✓ PING OK (3ms) — statut: online
[2026-06-16T12:17:35.085Z][BackupMonitor(:3001→:3000)] ✓ PING OK (3ms) — statut: online
[2026-06-16T12:17:40.096Z][BackupMonitor(:3001→:3000)] ✓ PING OK (3ms) — statut: online
[2026-06-16T12:17:45.112Z][BackupMonitor(:3001→:3000)] ✓ PING OK (4ms) — statut: online
[2026-06-16T12:17:50.127Z][BackupMonitor(:3001→:3000)] ✓ PING OK (3ms) — statut: online
[2026-06-16T12:17:55.140Z][BackupMonitor(:3001→:3000)] ✓ PING OK (3ms) — statut: online
[2026-06-16T12:18:00.149Z][BackupMonitor(:3001→:3000)] ✓ PING OK (3ms) — statut: online
[2026-06-16T12:18:05.149Z][BackupMonitor(:3001→:3000)] ✓ PING OK (3ms) — statut: online
[2026-06-16T12:18:10.182Z][BackupMonitor(:3001→:3000)] ✓ PING OK (4ms) — statut: online
[2026-06-16T12:18:15.196Z][BackupMonitor(:3001→:3000)] ✓ PING OK (3ms) — statut: online
[2026-06-16T12:18:20.207Z][BackupMonitor(:3001→:3000)] ✓ PING OK (3ms) — statut: online
[2026-06-16T12:18:25.210Z][BackupMonitor(:3001→:3000)] ✓ PING OK (3ms) — statut: online
[2026-06-16T12:18:30.215Z][BackupMonitor(:3001→:3000)] ✓ PING OK (3ms) — statut: online
[2026-06-16T12:18:35.225Z][BackupMonitor(:3001→:3000)] ✓ PING OK (3ms) — statut: online
[2026-06-16T12:18:40.229Z][BackupMonitor(:3001→:3000)] ✓ PING OK (4ms) — statut: online
[2026-06-16T12:18:45.236Z][BackupMonitor(:3001→:3000)] ✓ PING OK (3ms) — statut: online
[2026-06-16T12:18:50.241Z][BackupMonitor(:3001→:3000)] ✓ PING OK (2ms) — statut: online
[2026-06-16T12:18:55.243Z][BackupMonitor(:3001→:3000)] ✓ PING OK (3ms) — statut: online
[2026-06-16T12:19:00.259Z][BackupMonitor(:3001→:3000)] ✓ PING OK (3ms) — statut: online
[2026-06-16T12:19:05.259Z][BackupMonitor(:3001→:3000)] ✓ PING OK (3ms) — statut: online
[2026-06-16T12:19:10.273Z][BackupMonitor(:3001→:3000)] ✓ PING OK (3ms) — statut: online
[2026-06-16T12:19:15.283Z][BackupMonitor(:3001→:3000)] ✓ PING OK (5ms) — statut: online
[2026-06-16T12:19:20.289Z][BackupMonitor(:3001→:3000)] ✓ PING OK (3ms) — statut: online
[2026-06-16T12:19:25.294Z][BackupMonitor(:3001→:3000)] ✓ PING OK (4ms) — statut: online
[2026-06-16T12:19:30.308Z][BackupMonitor(:3001→:3000)] ✓ PING OK (3ms) — statut: online
[2026-06-16T12:19:35.310Z][BackupMonitor(:3001→:3000)] ✓ PING OK (3ms) — statut: online
[2026-06-16T12:19:40.316Z][BackupMonitor(:3001→:3000)] ✓ PING OK (3ms) — statut: online
[2026-06-16T12:19:45.327Z][BackupMonitor(:3001→:3000)] ✓ PING OK (3ms) — statut: online
[2026-06-16T12:19:50.341Z][BackupMonitor(:3001→:3000)] ✓ PING OK (3ms) — statut: online
[2026-06-16T12:19:55.356Z][BackupMonitor(:3001→:3000)] ✓ PING OK (6ms) — statut: online
[2026-06-16T12:20:00.368Z][BackupMonitor(:3001→:3000)] ✓ PING OK (4ms) — statut: online
[2026-06-16T12:20:05.371Z][BackupMonitor(:3001→:3000)] ✓ PING OK (3ms) — statut: online
[2026-06-16T12:20:10.385Z][BackupMonitor(:3001→:3000)] ✓ PING OK (3ms) — statut: online
[2026-06-16T12:20:15.385Z][BackupMonitor(:3001→:3000)] ✓ PING OK (3ms) — statut: online
[2026-06-16T12:20:20.392Z][BackupMonitor(:3001→:3000)] ✓ PING OK (3ms) — statut: online
[2026-06-16T12:20:25.406Z][BackupMonitor(:3001→:3000)] ✓ PING OK (3ms) — statut: online
[2026-06-16T12:20:30.417Z][BackupMonitor(:3001→:3000)] ✓ PING OK (3ms) — statut: online
[2026-06-16T12:20:35.423Z][BackupMonitor(:3001→:3000)] ✓ PING OK (3ms) — statut: online
[2026-06-16T12:20:40.425Z][BackupMonitor(:3001→:3000)] ✓ PING OK (4ms) — statut: online
[2026-06-16T12:20:45.440Z][BackupMonitor(:3001→:3000)] ✓ PING OK (3ms) — statut: online
[2026-06-16T12:20:50.456Z][BackupMonitor(:3001→:3000)] ✓ PING OK (4ms) — statut: online
[2026-06-16T12:20:55.467Z][BackupMonitor(:3001→:3000)] ✓ PING OK (3ms) — statut: online
[2026-06-16T12:21:00.468Z][BackupMonitor(:3001→:3000)] ✓ PING OK (2ms) — statut: online
[2026-06-16T12:21:05.475Z][BackupMonitor(:3001→:3000)] ✓ PING OK (3ms) — statut: online
[2026-06-16T12:21:10.481Z][BackupMonitor(:3001→:3000)] ✓ PING OK (3ms) — statut: online
[2026-06-16T12:21:15.496Z][BackupMonitor(:3001→:3000)] ✓ PING OK (3ms) — statut: online
[2026-06-16T12:21:20.498Z][BackupMonitor(:3001→:3000)] ✓ PING OK (3ms) — statut: online
[2026-06-16T12:21:25.503Z][BackupMonitor(:3001→:3000)] ✓ PING OK (3ms) — statut: online
[2026-06-16T12:21:30.512Z][BackupMonitor(:3001→:3000)] ✓ PING OK (3ms) — statut: online
[2026-06-16T12:21:35.515Z][BackupMonitor(:3001→:3000)] ✓ PING OK (2ms) — statut: online
[2026-06-16T12:21:40.517Z][BackupMonitor(:3001→:3000)] ✓ PING OK (3ms) — statut: online
[2026-06-16T12:21:45.530Z][BackupMonitor(:3001→:3000)] ✓ PING OK (3ms) — statut: online
[2026-06-16T12:21:50.547Z][BackupMonitor(:3001→:3000)] ✓ PING OK (4ms) — statut: online
[2026-06-16T12:21:55.551Z][BackupMonitor(:3001→:3000)] ✓ PING OK (3ms) — statut: online
[2026-06-16T12:22:00.566Z][BackupMonitor(:3001→:3000)] ✓ PING OK (3ms) — statut: online
[2026-06-16T12:22:05.574Z][BackupMonitor(:3001→:3000)] ✓ PING OK (3ms) — statut: online
[2026-06-16T12:22:10.576Z][BackupMonitor(:3001→:3000)] ✓ PING OK (3ms) — statut: online
[2026-06-16T12:22:15.583Z][BackupMonitor(:3001→:3000)] ✓ PING OK (4ms) — statut: online
[2026-06-16T12:22:20.597Z][BackupMonitor(:3001→:3000)] ✓ PING OK (3ms) — statut: online
[2026-06-16T12:22:25.602Z][BackupMonitor(:3001→:3000)] ✓ PING OK (3ms) — statut: online
[2026-06-16T12:22:30.605Z][BackupMonitor(:3001→:3000)] ✓ PING OK (3ms) — statut: online
[2026-06-16T12:22:35.618Z][BackupMonitor(:3001→:3000)] ✓ PING OK (3ms) — statut: online
[2026-06-16T12:22:40.634Z][BackupMonitor(:3001→:3000)] ✓ PING OK (5ms) — statut: online
[2026-06-16T12:22:45.633Z][BackupMonitor(:3001→:3000)] ✓ PING OK (3ms) — statut: online
[2026-06-16T12:22:50.643Z][BackupMonitor(:3001→:3000)] ✓ PING OK (3ms) — statut: online
[2026-06-16T12:22:55.646Z][BackupMonitor(:3001→:3000)] ✓ PING OK (3ms) — statut: online
[2026-06-16T12:23:00.648Z][BackupMonitor(:3001→:3000)] ✓ PING OK (4ms) — statut: online
[2026-06-16T12:23:05.661Z][BackupMonitor(:3001→:3000)] ✓ PING OK (3ms) — statut: online
[2026-06-16T12:23:10.667Z][BackupMonitor(:3001→:3000)] ✓ PING OK (3ms) — statut: online
[2026-06-16T12:23:15.680Z][BackupMonitor(:3001→:3000)] ✓ PING OK (3ms) — statut: online
[2026-06-16T12:23:20.692Z][BackupMonitor(:3001→:3000)] ✓ PING OK (4ms) — statut: online
[2026-06-16T12:23:25.696Z][BackupMonitor(:3001→:3000)] ✓ PING OK (3ms) — statut: online
[2026-06-16T12:23:30.699Z][BackupMonitor(:3001→:3000)] ✓ PING OK (3ms) — statut: online
[2026-06-16T12:23:35.711Z][BackupMonitor(:3001→:3000)] ✓ PING OK (3ms) — statut: online
[2026-06-16T12:23:40.718Z][BackupMonitor(:3001→:3000)] ✓ PING OK (3ms) — statut: online
[2026-06-16T12:23:45.727Z][BackupMonitor(:3001→:3000)] ✓ PING OK (4ms) — statut: online
[2026-06-16T12:23:50.730Z][BackupMonitor(:3001→:3000)] ✓ PING OK (3ms) — statut: online
[2026-06-16T12:23:55.737Z][BackupMonitor(:3001→:3000)] ✓ PING OK (4ms) — statut: online
[2026-06-16T12:24:00.743Z][BackupMonitor(:3001→:3000)] ✓ PING OK (3ms) — statut: online
[2026-06-16T12:24:05.746Z][BackupMonitor(:3001→:3000)] ✓ PING OK (3ms) — statut: online
[2026-06-16T12:24:10.748Z][BackupMonitor(:3001→:3000)] ✓ PING OK (3ms) — statut: online
[2026-06-16T12:24:15.755Z][BackupMonitor(:3001→:3000)] ✓ PING OK (3ms) — statut: online
[2026-06-16T12:24:20.755Z][BackupMonitor(:3001→:3000)] ✓ PING OK (3ms) — statut: online
[2026-06-16T12:24:25.770Z][BackupMonitor(:3001→:3000)] ✓ PING OK (3ms) — statut: online
[2026-06-16T12:24:30.780Z][BackupMonitor(:3001→:3000)] ✓ PING OK (4ms) — statut: online
[2026-06-16T12:24:35.793Z][BackupMonitor(:3001→:3000)] ✓ PING OK (3ms) — statut: online
[2026-06-16T12:24:40.793Z][BackupMonitor(:3001→:3000)] ✓ PING OK (3ms) — statut: online
[2026-06-16T12:24:45.804Z][BackupMonitor(:3001→:3000)] ✓ PING OK (2ms) — statut: online
[2026-06-16T12:24:50.805Z][BackupMonitor(:3001→:3000)] ✓ PING OK (4ms) — statut: online
[2026-06-16T12:24:55.814Z][BackupMonitor(:3001→:3000)] ✓ PING OK (3ms) — statut: online
[2026-06-16T12:25:00.829Z][BackupMonitor(:3001→:3000)] ✓ PING OK (4ms) — statut: online
[2026-06-16T12:25:05.832Z][BackupMonitor(:3001→:3000)] ✓ PING OK (3ms) — statut: online
[2026-06-16T12:25:10.842Z][BackupMonitor(:3001→:3000)] ✓ PING OK (3ms) — statut: online
[2026-06-16T12:25:15.854Z][BackupMonitor(:3001→:3000)] ✓ PING OK (3ms) — statut: online
[2026-06-16T12:25:20.863Z][BackupMonitor(:3001→:3000)] ✓ PING OK (3ms) — statut: online
[2026-06-16T12:25:25.875Z][BackupMonitor(:3001→:3000)] ✓ PING OK (4ms) — statut: online
[2026-06-16T12:25:30.890Z][BackupMonitor(:3001→:3000)] ✓ PING OK (3ms) — statut: online
[2026-06-16T12:25:35.893Z][BackupMonitor(:3001→:3000)] ✓ PING OK (3ms) — statut: online
[2026-06-16T12:25:40.903Z][BackupMonitor(:3001→:3000)] ✓ PING OK (3ms) — statut: online
[2026-06-16T12:25:45.903Z][BackupMonitor(:3001→:3000)] ✓ PING OK (3ms) — statut: online
[2026-06-16T12:25:50.906Z][BackupMonitor(:3001→:3000)] ✓ PING OK (3ms) — statut: online
[2026-06-16T12:25:55.915Z][BackupMonitor(:3001→:3000)] ✓ PING OK (3ms) — statut: online
[2026-06-16T12:26:00.922Z][BackupMonitor(:3001→:3000)] ✓ PING OK (5ms) — statut: online
[2026-06-16T12:26:05.927Z][BackupMonitor(:3001→:3000)] ✓ PING OK (3ms) — statut: online
[2026-06-16T12:26:10.933Z][BackupMonitor(:3001→:3000)] ✓ PING OK (3ms) — statut: online
[2026-06-16T12:26:15.941Z][BackupMonitor(:3001→:3000)] ✓ PING OK (3ms) — statut: online
[2026-06-16T12:26:20.956Z][BackupMonitor(:3001→:3000)] ✓ PING OK (3ms) — statut: online
[2026-06-16T12:26:25.968Z][BackupMonitor(:3001→:3000)] ✓ PING OK (3ms) — statut: online
[2026-06-16T12:26:30.976Z][BackupMonitor(:3001→:3000)] ✓ PING OK (3ms) — statut: online
[2026-06-16T12:26:35.989Z][BackupMonitor(:3001→:3000)] ✓ PING OK (3ms) — statut: online
[2026-06-16T12:26:40.998Z][BackupMonitor(:3001→:3000)] ✓ PING OK (3ms) — statut: online
[2026-06-16T12:26:46.003Z][BackupMonitor(:3001→:3000)] ✓ PING OK (3ms) — statut: online
[2026-06-16T12:26:51.013Z][BackupMonitor(:3001→:3000)] ✓ PING OK (3ms) — statut: online
[2026-06-16T12:26:56.021Z][BackupMonitor(:3001→:3000)] ✓ PING OK (4ms) — statut: online
[2026-06-16T12:27:01.023Z][BackupMonitor(:3001→:3000)] ✓ PING OK (3ms) — statut: online
[2026-06-16T12:27:06.028Z][BackupMonitor(:3001→:3000)] ✓ PING OK (3ms) — statut: online
[2026-06-16T12:27:11.030Z][BackupMonitor(:3001→:3000)] ✓ PING OK (3ms) — statut: online
[2026-06-16T12:27:16.030Z][BackupMonitor(:3001→:3000)] ✓ PING OK (3ms) — statut: online
[2026-06-16T12:27:21.035Z][BackupMonitor(:3001→:3000)] ✓ PING OK (2ms) — statut: online
[2026-06-16T12:27:26.047Z][BackupMonitor(:3001→:3000)] ✓ PING OK (3ms) — statut: online
[2026-06-16T12:27:31.056Z][BackupMonitor(:3001→:3000)] ✓ PING OK (4ms) — statut: online
[2026-06-16T12:27:36.058Z][BackupMonitor(:3001→:3000)] ✓ PING OK (3ms) — statut: online
[2026-06-16T12:27:41.070Z][BackupMonitor(:3001→:3000)] ✓ PING OK (4ms) — statut: online
[2026-06-16T12:27:46.084Z][BackupMonitor(:3001→:3000)] ✓ PING OK (4ms) — statut: online
[2026-06-16T12:27:51.094Z][BackupMonitor(:3001→:3000)] ✓ PING OK (4ms) — statut: online
[2026-06-16T12:27:56.099Z][BackupMonitor(:3001→:3000)] ✓ PING OK (4ms) — statut: online
[2026-06-16T12:28:01.103Z][BackupMonitor(:3001→:3000)] ✓ PING OK (5ms) — statut: online
[2026-06-16T12:28:06.111Z][BackupMonitor(:3001→:3000)] ✓ PING OK (4ms) — statut: online
[2026-06-16T12:28:11.117Z][BackupMonitor(:3001→:3000)] ✓ PING OK (4ms) — statut: online
[2026-06-16T12:28:16.120Z][BackupMonitor(:3001→:3000)] ✓ PING OK (4ms) — statut: online
[2026-06-16T12:28:21.127Z][BackupMonitor(:3001→:3000)] ✓ PING OK (5ms) — statut: online
[2026-06-16T12:28:26.125Z][BackupMonitor(:3001→:3000)] ✓ PING OK (3ms) — statut: online
[2026-06-16T12:28:31.139Z][BackupMonitor(:3001→:3000)] ✓ PING OK (3ms) — statut: online
[2026-06-16T12:28:36.153Z][BackupMonitor(:3001→:3000)] ✓ PING OK (3ms) — statut: online
[2026-06-16T12:28:41.164Z][BackupMonitor(:3001→:3000)] ✓ PING OK (2ms) — statut: online
[2026-06-16T12:28:46.171Z][BackupMonitor(:3001→:3000)] ✓ PING OK (4ms) — statut: online
[2026-06-16T12:28:51.171Z][BackupMonitor(:3001→:3000)] ✓ PING OK (4ms) — statut: online
[2026-06-16T12:28:56.182Z][BackupMonitor(:3001→:3000)] ✓ PING OK (2ms) — statut: online
[2026-06-16T12:29:01.199Z][BackupMonitor(:3001→:3000)] ✓ PING OK (4ms) — statut: online
[2026-06-16T12:29:06.200Z][BackupMonitor(:3001→:3000)] ✓ PING OK (3ms) — statut: online
[2026-06-16T12:29:11.209Z][BackupMonitor(:3001→:3000)] ✓ PING OK (3ms) — statut: online
[2026-06-16T12:29:16.223Z][BackupMonitor(:3001→:3000)] ✓ PING OK (3ms) — statut: online
[2026-06-16T12:29:21.238Z][BackupMonitor(:3001→:3000)] ✓ PING OK (3ms) — statut: online
[2026-06-16T12:29:26.251Z][BackupMonitor(:3001→:3000)] ✓ PING OK (3ms) — statut: online
[2026-06-16T12:29:31.256Z][BackupMonitor(:3001→:3000)] ✓ PING OK (3ms) — statut: online
[2026-06-16T12:29:36.265Z][BackupMonitor(:3001→:3000)] ✓ PING OK (4ms) — statut: online
[2026-06-16T12:29:41.271Z][BackupMonitor(:3001→:3000)] ✓ PING OK (3ms) — statut: online
[2026-06-16T12:29:46.271Z][BackupMonitor(:3001→:3000)] ✓ PING OK (3ms) — statut: online
[2026-06-16T12:29:51.285Z][BackupMonitor(:3001→:3000)] ✓ PING OK (2ms) — statut: online
[2026-06-16T12:29:56.290Z][BackupMonitor(:3001→:3000)] ✓ PING OK (3ms) — statut: online
[2026-06-16T12:30:01.305Z][BackupMonitor(:3001→:3000)] ✓ PING OK (3ms) — statut: online
[2026-06-16T12:30:06.317Z][BackupMonitor(:3001→:3000)] ✓ PING OK (3ms) — statut: online
[2026-06-16T12:30:11.323Z][BackupMonitor(:3001→:3000)] ✓ PING OK (3ms) — statut: online
[2026-06-16T12:30:16.325Z][BackupMonitor(:3001→:3000)] ✓ PING OK (3ms) — statut: online
[2026-06-16T12:30:21.340Z][BackupMonitor(:3001→:3000)] ✓ PING OK (3ms) — statut: online
[2026-06-16T12:30:26.346Z][BackupMonitor(:3001→:3000)] ✓ PING OK (3ms) — statut: online
[2026-06-16T12:30:31.346Z][BackupMonitor(:3001→:3000)] ✓ PING OK (3ms) — statut: online
[2026-06-16T12:30:36.356Z][BackupMonitor(:3001→:3000)] ✓ PING OK (3ms) — statut: online
[2026-06-16T12:30:41.361Z][BackupMonitor(:3001→:3000)] ✓ PING OK (3ms) — statut: online
[2026-06-16T12:30:46.370Z][BackupMonitor(:3001→:3000)] ✓ PING OK (3ms) — statut: online
[2026-06-16T12:30:51.376Z][BackupMonitor(:3001→:3000)] ✓ PING OK (3ms) — statut: online
[2026-06-16T12:30:56.381Z][BackupMonitor(:3001→:3000)] ✓ PING OK (2ms) — statut: online
[2026-06-16T12:31:01.392Z][BackupMonitor(:3001→:3000)] ✓ PING OK (3ms) — statut: online
[2026-06-16T12:31:06.393Z][BackupMonitor(:3001→:3000)] ✓ PING OK (3ms) — statut: online
[2026-06-16T12:31:11.408Z][BackupMonitor(:3001→:3000)] ✓ PING OK (2ms) — statut: online
[2026-06-16T12:31:16.418Z][BackupMonitor(:3001→:3000)] ✓ PING OK (3ms) — statut: online
[2026-06-16T12:31:21.419Z][BackupMonitor(:3001→:3000)] ✓ PING OK (3ms) — statut: online
[2026-06-16T12:31:26.431Z][BackupMonitor(:3001→:3000)] ✓ PING OK (3ms) — statut: online
[2026-06-16T12:31:31.434Z][BackupMonitor(:3001→:3000)] ✓ PING OK (3ms) — statut: online
[2026-06-16T12:31:36.441Z][BackupMonitor(:3001→:3000)] ✓ PING OK (3ms) — statut: online
[2026-06-16T12:31:41.449Z][BackupMonitor(:3001→:3000)] ✓ PING OK (3ms) — statut: online
[2026-06-16T12:31:46.456Z][BackupMonitor(:3001→:3000)] ✓ PING OK (3ms) — statut: online
[2026-06-16T12:31:51.461Z][BackupMonitor(:3001→:3000)] ✓ PING OK (3ms) — statut: online
[2026-06-16T12:31:56.466Z][BackupMonitor(:3001→:3000)] ✓ PING OK (2ms) — statut: online
[2026-06-16T12:32:01.467Z][BackupMonitor(:3001→:3000)] ✓ PING OK (3ms) — statut: online
[2026-06-16T12:32:06.469Z][BackupMonitor(:3001→:3000)] ✓ PING OK (3ms) — statut: online
[2026-06-16T12:32:11.483Z][BackupMonitor(:3001→:3000)] ✓ PING OK (3ms) — statut: online
[2026-06-16T12:32:16.490Z][BackupMonitor(:3001→:3000)] ✓ PING OK (3ms) — statut: online
[2026-06-16T12:32:21.495Z][BackupMonitor(:3001→:3000)] ✓ PING OK (3ms) — statut: online
[2026-06-16T12:32:26.497Z][BackupMonitor(:3001→:3000)] ✓ PING OK (2ms) — statut: online
[2026-06-16T12:32:31.504Z][BackupMonitor(:3001→:3000)] ✓ PING OK (3ms) — statut: online
[2026-06-16T12:32:36.506Z][BackupMonitor(:3001→:3000)] ✓ PING OK (3ms) — statut: online
[2026-06-16T12:32:41.522Z][BackupMonitor(:3001→:3000)] ✓ PING OK (3ms) — statut: online
[2026-06-16T12:32:46.527Z][BackupMonitor(:3001→:3000)] ✓ PING OK (3ms) — statut: online
[2026-06-16T12:32:51.534Z][BackupMonitor(:3001→:3000)] ✓ PING OK (3ms) — statut: online
[2026-06-16T12:32:56.566Z][BackupMonitor(:3001→:3000)] ✓ PING OK (3ms) — statut: online
[2026-06-16T12:33:01.574Z][BackupMonitor(:3001→:3000)] ✓ PING OK (3ms) — statut: online
[2026-06-16T12:33:06.582Z][BackupMonitor(:3001→:3000)] ✓ PING OK (3ms) — statut: online
[2026-06-16T12:33:11.595Z][BackupMonitor(:3001→:3000)] ✓ PING OK (3ms) — statut: online
[2026-06-16T12:33:16.600Z][BackupMonitor(:3001→:3000)] ✓ PING OK (3ms) — statut: online
[2026-06-16T12:33:21.606Z][BackupMonitor(:3001→:3000)] ✓ PING OK (3ms) — statut: online
[2026-06-16T12:33:26.621Z][BackupMonitor(:3001→:3000)] ✓ PING OK (3ms) — statut: online
[2026-06-16T12:33:31.633Z][BackupMonitor(:3001→:3000)] ✓ PING OK (3ms) — statut: online
[2026-06-16T12:33:36.643Z][BackupMonitor(:3001→:3000)] ✓ PING OK (3ms) — statut: online
[2026-06-16T12:33:41.652Z][BackupMonitor(:3001→:3000)] ✓ PING OK (3ms) — statut: online
[2026-06-16T12:33:46.656Z][BackupMonitor(:3001→:3000)] ✓ PING OK (3ms) — statut: online
[2026-06-16T12:33:51.670Z][BackupMonitor(:3001→:3000)] ✓ PING OK (4ms) — statut: online
[2026-06-16T12:33:56.684Z][BackupMonitor(:3001→:3000)] ✓ PING OK (3ms) — statut: online
[2026-06-16T12:34:01.694Z][BackupMonitor(:3001→:3000)] ✓ PING OK (3ms) — statut: online
[2026-06-16T12:34:06.696Z][BackupMonitor(:3001→:3000)] ✓ PING OK (3ms) — statut: online
[2026-06-16T12:34:11.708Z][BackupMonitor(:3001→:3000)] ✓ PING OK (3ms) — statut: online
[2026-06-16T12:34:16.709Z][BackupMonitor(:3001→:3000)] ✓ PING OK (3ms) — statut: online
[2026-06-16T12:34:21.711Z][BackupMonitor(:3001→:3000)] ✓ PING OK (3ms) — statut: online
[2026-06-16T12:34:26.724Z][BackupMonitor(:3001→:3000)] ✓ PING OK (3ms) — statut: online
[2026-06-16T12:34:31.729Z][BackupMonitor(:3001→:3000)] ✓ PING OK (3ms) — statut: online
[2026-06-16T12:34:36.737Z][BackupMonitor(:3001→:3000)] ✓ PING OK (3ms) — statut: online
[2026-06-16T12:34:41.743Z][BackupMonitor(:3001→:3000)] ✓ PING OK (3ms) — statut: online
[2026-06-16T12:34:46.748Z][BackupMonitor(:3001→:3000)] ✓ PING OK (3ms) — statut: online
[2026-06-16T12:34:51.757Z][BackupMonitor(:3001→:3000)] ✓ PING OK (3ms) — statut: online
[2026-06-16T12:34:56.764Z][BackupMonitor(:3001→:3000)] ✓ PING OK (3ms) — statut: online
[2026-06-16T12:35:01.769Z][BackupMonitor(:3001→:3000)] ✓ PING OK (2ms) — statut: online
[2026-06-16T12:35:06.770Z][BackupMonitor(:3001→:3000)] ✓ PING OK (2ms) — statut: online
[2026-06-16T12:35:11.775Z][BackupMonitor(:3001→:3000)] ✓ PING OK (3ms) — statut: online
[2026-06-16T12:35:16.779Z][BackupMonitor(:3001→:3000)] ✓ PING OK (3ms) — statut: online
[2026-06-16T12:35:21.784Z][BackupMonitor(:3001→:3000)] ✓ PING OK (3ms) — statut: online
[2026-06-16T12:35:26.792Z][BackupMonitor(:3001→:3000)] ✓ PING OK (3ms) — statut: online
[2026-06-16T12:35:31.792Z][BackupMonitor(:3001→:3000)] ✓ PING OK (3ms) — statut: online
[2026-06-16T12:35:36.803Z][BackupMonitor(:3001→:3000)] ✓ PING OK (3ms) — statut: online
[2026-06-16T12:35:41.806Z][BackupMonitor(:3001→:3000)] ✓ PING OK (3ms) — statut: online
[2026-06-16T12:35:46.809Z][BackupMonitor(:3001→:3000)] ✓ PING OK (3ms) — statut: online
[2026-06-16T12:35:51.817Z][BackupMonitor(:3001→:3000)] ✓ PING OK (3ms) — statut: online
[2026-06-16T12:35:56.829Z][BackupMonitor(:3001→:3000)] ✓ PING OK (4ms) — statut: online
[2026-06-16T12:36:01.832Z][BackupMonitor(:3001→:3000)] ✓ PING OK (4ms) — statut: online
[2026-06-16T12:36:06.843Z][BackupMonitor(:3001→:3000)] ✓ PING OK (3ms) — statut: online
[2026-06-16T12:36:11.845Z][BackupMonitor(:3001→:3000)] ✓ PING OK (3ms) — statut: online
[2026-06-16T12:36:16.855Z][BackupMonitor(:3001→:3000)] ✓ PING OK (3ms) — statut: online
[2026-06-16T12:36:21.860Z][BackupMonitor(:3001→:3000)] ✓ PING OK (3ms) — statut: online
[2026-06-16T12:36:26.876Z][BackupMonitor(:3001→:3000)] ✓ PING OK (4ms) — statut: online
[2026-06-16T12:36:31.883Z][BackupMonitor(:3001→:3000)] ✓ PING OK (4ms) — statut: online
[2026-06-16T12:36:36.885Z][BackupMonitor(:3001→:3000)] ✓ PING OK (3ms) — statut: online
[2026-06-16T12:36:41.895Z][BackupMonitor(:3001→:3000)] ✓ PING OK (4ms) — statut: online
[2026-06-16T12:36:46.900Z][BackupMonitor(:3001→:3000)] ✓ PING OK (3ms) — statut: online
[2026-06-16T12:36:51.913Z][BackupMonitor(:3001→:3000)] ✓ PING OK (3ms) — statut: online
[2026-06-16T12:36:56.921Z][BackupMonitor(:3001→:3000)] ✓ PING OK (3ms) — statut: online
[2026-06-16T12:37:01.928Z][BackupMonitor(:3001→:3000)] ✓ PING OK (3ms) — statut: online
[2026-06-16T12:37:06.943Z][BackupMonitor(:3001→:3000)] ✓ PING OK (8ms) — statut: online
[2026-06-16T12:37:11.954Z][BackupMonitor(:3001→:3000)] ✓ PING OK (4ms) — statut: online
[2026-06-16T12:37:16.962Z][BackupMonitor(:3001→:3000)] ✓ PING OK (4ms) — statut: online
[2026-06-16T12:37:21.975Z][BackupMonitor(:3001→:3000)] ✓ PING OK (3ms) — statut: online
[2026-06-16T12:37:26.981Z][BackupMonitor(:3001→:3000)] ✓ PING OK (3ms) — statut: online
[2026-06-16T12:37:31.992Z][BackupMonitor(:3001→:3000)] ✓ PING OK (4ms) — statut: online
[2026-06-16T12:37:37.006Z][BackupMonitor(:3001→:3000)] ✓ PING OK (3ms) — statut: online
[2026-06-16T12:37:42.008Z][BackupMonitor(:3001→:3000)] ✓ PING OK (3ms) — statut: online
[2026-06-16T12:37:47.011Z][BackupMonitor(:3001→:3000)] ✓ PING OK (3ms) — statut: online
[2026-06-16T12:37:52.023Z][BackupMonitor(:3001→:3000)] ✓ PING OK (3ms) — statut: online
[2026-06-16T12:37:57.034Z][BackupMonitor(:3001→:3000)] ✓ PING OK (3ms) — statut: online
[2026-06-16T12:38:02.042Z][BackupMonitor(:3001→:3000)] ✓ PING OK (3ms) — statut: online
[2026-06-16T12:38:07.057Z][BackupMonitor(:3001→:3000)] ✓ PING OK (3ms) — statut: online
[2026-06-16T12:38:12.065Z][BackupMonitor(:3001→:3000)] ✓ PING OK (3ms) — statut: online
[2026-06-16T12:38:17.072Z][BackupMonitor(:3001→:3000)] ✓ PING OK (3ms) — statut: online
[2026-06-16T12:38:22.085Z][BackupMonitor(:3001→:3000)] ✓ PING OK (3ms) — statut: online
[2026-06-16T12:38:27.093Z][BackupMonitor(:3001→:3000)] ✓ PING OK (3ms) — statut: online
[2026-06-16T12:38:32.104Z][BackupMonitor(:3001→:3000)] ✓ PING OK (3ms) — statut: online
[2026-06-16T12:38:37.110Z][BackupMonitor(:3001→:3000)] ✓ PING OK (3ms) — statut: online
[2026-06-16T12:38:42.117Z][BackupMonitor(:3001→:3000)] ✓ PING OK (3ms) — statut: online
[2026-06-16T12:38:47.131Z][BackupMonitor(:3001→:3000)] ✓ PING OK (3ms) — statut: online
[2026-06-16T12:38:52.133Z][BackupMonitor(:3001→:3000)] ✓ PING OK (3ms) — statut: online
[2026-06-16T12:38:57.135Z][BackupMonitor(:3001→:3000)] ✓ PING OK (3ms) — statut: online
[2026-06-16T12:39:02.145Z][BackupMonitor(:3001→:3000)] ✓ PING OK (3ms) — statut: online
[2026-06-16T12:39:07.158Z][BackupMonitor(:3001→:3000)] ✓ PING OK (3ms) — statut: online
[2026-06-16T12:39:12.163Z][BackupMonitor(:3001→:3000)] ✓ PING OK (3ms) — statut: online
[2026-06-16T12:39:17.171Z][BackupMonitor(:3001→:3000)] ✓ PING OK (3ms) — statut: online
[2026-06-16T12:39:22.187Z][BackupMonitor(:3001→:3000)] ✓ PING OK (3ms) — statut: online
[2026-06-16T12:39:27.198Z][BackupMonitor(:3001→:3000)] ✓ PING OK (3ms) — statut: online
[2026-06-16T12:39:32.207Z][BackupMonitor(:3001→:3000)] ✓ PING OK (3ms) — statut: online
[2026-06-16T12:39:37.208Z][BackupMonitor(:3001→:3000)] ✓ PING OK (3ms) — statut: online
[2026-06-16T12:39:42.208Z][BackupMonitor(:3001→:3000)] ✓ PING OK (2ms) — statut: online
[2026-06-16T12:39:47.217Z][BackupMonitor(:3001→:3000)] ✓ PING OK (3ms) — statut: online
[2026-06-16T12:39:52.233Z][BackupMonitor(:3001→:3000)] ✓ PING OK (3ms) — statut: online
[2026-06-16T12:39:57.240Z][BackupMonitor(:3001→:3000)] ✓ PING OK (3ms) — statut: online
[2026-06-16T12:40:02.250Z][BackupMonitor(:3001→:3000)] ✓ PING OK (3ms) — statut: online
[2026-06-16T12:40:07.252Z][BackupMonitor(:3001→:3000)] ✓ PING OK (3ms) — statut: online
[2026-06-16T12:40:12.263Z][BackupMonitor(:3001→:3000)] ✓ PING OK (4ms) — statut: online
[2026-06-16T12:40:17.269Z][BackupMonitor(:3001→:3000)] ✓ PING OK (3ms) — statut: online
[2026-06-16T12:40:22.282Z][BackupMonitor(:3001→:3000)] ✓ PING OK (3ms) — statut: online
[2026-06-16T12:40:27.288Z][BackupMonitor(:3001→:3000)] ✓ PING OK (3ms) — statut: online
[2026-06-16T12:40:32.295Z][BackupMonitor(:3001→:3000)] ✓ PING OK (4ms) — statut: online
[2026-06-16T12:40:37.308Z][BackupMonitor(:3001→:3000)] ✓ PING OK (3ms) — statut: online
[2026-06-16T12:40:42.315Z][BackupMonitor(:3001→:3000)] ✓ PING OK (4ms) — statut: online
[2026-06-16T12:40:47.322Z][BackupMonitor(:3001→:3000)] ✓ PING OK (4ms) — statut: online
[2026-06-16T12:40:52.323Z][BackupMonitor(:3001→:3000)] ✓ PING OK (3ms) — statut: online
[2026-06-16T12:40:57.336Z][BackupMonitor(:3001→:3000)] ✓ PING OK (3ms) — statut: online
[2026-06-16T12:41:02.349Z][BackupMonitor(:3001→:3000)] ✓ PING OK (3ms) — statut: online
[2026-06-16T12:41:07.359Z][BackupMonitor(:3001→:3000)] ✓ PING OK (3ms) — statut: online
[2026-06-16T12:41:12.371Z][BackupMonitor(:3001→:3000)] ✓ PING OK (3ms) — statut: online
[2026-06-16T12:41:17.385Z][BackupMonitor(:3001→:3000)] ✓ PING OK (4ms) — statut: online
[2026-06-16T12:41:22.396Z][BackupMonitor(:3001→:3000)] ✓ PING OK (4ms) — statut: online
[2026-06-16T12:41:27.404Z][BackupMonitor(:3001→:3000)] ✓ PING OK (3ms) — statut: online
[2026-06-16T12:41:32.407Z][BackupMonitor(:3001→:3000)] ✓ PING OK (3ms) — statut: online
[2026-06-16T12:41:37.413Z][BackupMonitor(:3001→:3000)] ✓ PING OK (3ms) — statut: online
[2026-06-16T12:41:42.424Z][BackupMonitor(:3001→:3000)] ✓ PING OK (3ms) — statut: online
[2026-06-16T12:41:47.434Z][BackupMonitor(:3001→:3000)] ✓ PING OK (3ms) — statut: online
[2026-06-16T12:41:52.445Z][BackupMonitor(:3001→:3000)] ✓ PING OK (3ms) — statut: online
[2026-06-16T12:41:57.448Z][BackupMonitor(:3001→:3000)] ✓ PING OK (3ms) — statut: online
[2026-06-16T12:42:02.462Z][BackupMonitor(:3001→:3000)] ✓ PING OK (4ms) — statut: online
[2026-06-16T12:42:07.465Z][BackupMonitor(:3001→:3000)] ✓ PING OK (3ms) — statut: online
[2026-06-16T12:42:12.468Z][BackupMonitor(:3001→:3000)] ✓ PING OK (2ms) — statut: online
[2026-06-16T12:42:17.484Z][BackupMonitor(:3001→:3000)] ✓ PING OK (4ms) — statut: online
[2026-06-16T12:42:22.495Z][BackupMonitor(:3001→:3000)] ✓ PING OK (3ms) — statut: online
[2026-06-16T12:42:27.503Z][BackupMonitor(:3001→:3000)] ✓ PING OK (4ms) — statut: online
[2026-06-16T12:42:32.515Z][BackupMonitor(:3001→:3000)] ✓ PING OK (3ms) — statut: online
[2026-06-16T12:42:37.517Z][BackupMonitor(:3001→:3000)] ✓ PING OK (4ms) — statut: online
[2026-06-16T12:42:42.529Z][BackupMonitor(:3001→:3000)] ✓ PING OK (3ms) — statut: online
[2026-06-16T12:42:47.533Z][BackupMonitor(:3001→:3000)] ✓ PING OK (3ms) — statut: online
[2026-06-16T12:42:52.548Z][BackupMonitor(:3001→:3000)] ✓ PING OK (4ms) — statut: online
[2026-06-16T12:42:57.552Z][BackupMonitor(:3001→:3000)] ✓ PING OK (3ms) — statut: online
[2026-06-16T12:43:02.564Z][BackupMonitor(:3001→:3000)] ✓ PING OK (3ms) — statut: online
[2026-06-16T12:43:07.568Z][BackupMonitor(:3001→:3000)] ✓ PING OK (3ms) — statut: online
[2026-06-16T12:43:12.575Z][BackupMonitor(:3001→:3000)] ✓ PING OK (3ms) — statut: online
[2026-06-16T12:43:17.583Z][BackupMonitor(:3001→:3000)] ✓ PING OK (3ms) — statut: online
[2026-06-16T12:43:22.586Z][BackupMonitor(:3001→:3000)] ✓ PING OK (3ms) — statut: online
[2026-06-16T12:43:27.600Z][BackupMonitor(:3001→:3000)] ✓ PING OK (3ms) — statut: online
[2026-06-16T12:43:32.612Z][BackupMonitor(:3001→:3000)] ✓ PING OK (5ms) — statut: online
[2026-06-16T12:43:37.613Z][BackupMonitor(:3001→:3000)] ✓ PING OK (5ms) — statut: online
[2026-06-16T12:43:42.623Z][BackupMonitor(:3001→:3000)] ✓ PING OK (6ms) — statut: online
[2026-06-16T12:43:47.626Z][BackupMonitor(:3001→:3000)] ✓ PING OK (3ms) — statut: online
[2026-06-16T12:43:52.633Z][BackupMonitor(:3001→:3000)] ✓ PING OK (3ms) — statut: online
[2026-06-16T12:43:57.638Z][BackupMonitor(:3001→:3000)] ✓ PING OK (3ms) — statut: online
[2026-06-16T12:44:02.646Z][BackupMonitor(:3001→:3000)] ✓ PING OK (3ms) — statut: online
[2026-06-16T12:44:07.649Z][BackupMonitor(:3001→:3000)] ✓ PING OK (2ms) — statut: online
[2026-06-16T12:44:12.665Z][BackupMonitor(:3001→:3000)] ✓ PING OK (4ms) — statut: online
[2026-06-16T12:44:17.666Z][BackupMonitor(:3001→:3000)] ✓ PING OK (3ms) — statut: online
[2026-06-16T12:44:22.668Z][BackupMonitor(:3001→:3000)] ✓ PING OK (3ms) — statut: online
[2026-06-16T12:44:27.673Z][BackupMonitor(:3001→:3000)] ✓ PING OK (4ms) — statut: online
[2026-06-16T12:44:32.686Z][BackupMonitor(:3001→:3000)] ✓ PING OK (3ms) — statut: online
[2026-06-16T12:44:37.692Z][BackupMonitor(:3001→:3000)] ✓ PING OK (3ms) — statut: online
[2026-06-16T12:44:42.692Z][BackupMonitor(:3001→:3000)] ✓ PING OK (2ms) — statut: online
[2026-06-16T12:44:47.693Z][BackupMonitor(:3001→:3000)] ✓ PING OK (3ms) — statut: online
[2026-06-16T12:44:52.700Z][BackupMonitor(:3001→:3000)] ✓ PING OK (3ms) — statut: online
[2026-06-16T12:44:57.704Z][BackupMonitor(:3001→:3000)] ✓ PING OK (3ms) — statut: online
[2026-06-16T12:45:02.720Z][BackupMonitor(:3001→:3000)] ✓ PING OK (3ms) — statut: online
[2026-06-16T12:45:07.761Z][BackupMonitor(:3001→:3000)] ✓ PING OK (28ms) — statut: online
[2026-06-16T12:45:12.739Z][BackupMonitor(:3001→:3000)] ✓ PING OK (4ms) — statut: online
[2026-06-16T12:45:17.747Z][BackupMonitor(:3001→:3000)] ✓ PING OK (6ms) — statut: online
[2026-06-16T12:45:22.749Z][BackupMonitor(:3001→:3000)] ✓ PING OK (4ms) — statut: online
[2026-06-16T12:45:27.754Z][BackupMonitor(:3001→:3000)] ✓ PING OK (2ms) — statut: online
[2026-06-16T12:45:32.768Z][BackupMonitor(:3001→:3000)] ✓ PING OK (3ms) — statut: online
[2026-06-16T12:45:37.783Z][BackupMonitor(:3001→:3000)] ✓ PING OK (3ms) — statut: online
[2026-06-16T12:45:42.786Z][BackupMonitor(:3001→:3000)] ✓ PING OK (4ms) — statut: online
[2026-06-16T12:45:47.788Z][BackupMonitor(:3001→:3000)] ✓ PING OK (3ms) — statut: online
[2026-06-16T12:45:52.800Z][BackupMonitor(:3001→:3000)] ✓ PING OK (4ms) — statut: online
[2026-06-16T12:45:57.804Z][BackupMonitor(:3001→:3000)] ✓ PING OK (4ms) — statut: online
[2026-06-16T12:46:02.808Z][BackupMonitor(:3001→:3000)] ✓ PING OK (3ms) — statut: online
[2026-06-16T12:46:07.815Z][BackupMonitor(:3001→:3000)] ✓ PING OK (4ms) — statut: online
[2026-06-16T12:46:12.817Z][BackupMonitor(:3001→:3000)] ✓ PING OK (4ms) — statut: online
[2026-06-16T12:46:17.829Z][BackupMonitor(:3001→:3000)] ✓ PING OK (6ms) — statut: online
[2026-06-16T12:46:22.832Z][BackupMonitor(:3001→:3000)] ✓ PING OK (7ms) — statut: online
[2026-06-16T12:46:27.836Z][BackupMonitor(:3001→:3000)] ✓ PING OK (7ms) — statut: online
[2026-06-16T12:46:32.842Z][BackupMonitor(:3001→:3000)] ✓ PING OK (3ms) — statut: online
[2026-06-16T12:46:37.852Z][BackupMonitor(:3001→:3000)] ✓ PING OK (3ms) — statut: online
[2026-06-16T12:46:42.860Z][BackupMonitor(:3001→:3000)] ✓ PING OK (3ms) — statut: online
[2026-06-16T12:46:47.916Z][BackupMonitor(:3001→:3000)] ✓ PING OK (36ms) — statut: online
[2026-06-16T12:46:52.888Z][BackupMonitor(:3001→:3000)] ✓ PING OK (3ms) — statut: online
[2026-06-16T12:46:57.902Z][BackupMonitor(:3001→:3000)] ✓ PING OK (4ms) — statut: online
[2026-06-16T12:47:02.903Z][BackupMonitor(:3001→:3000)] ✓ PING OK (3ms) — statut: online
[2026-06-16T12:47:07.914Z][BackupMonitor(:3001→:3000)] ✓ PING OK (4ms) — statut: online
[2026-06-16T12:47:12.924Z][BackupMonitor(:3001→:3000)] ✓ PING OK (2ms) — statut: online
[2026-06-16T12:47:17.936Z][BackupMonitor(:3001→:3000)] ✓ PING OK (3ms) — statut: online
[2026-06-16T12:47:22.939Z][BackupMonitor(:3001→:3000)] ✓ PING OK (3ms) — statut: online
[2026-06-16T12:47:27.947Z][BackupMonitor(:3001→:3000)] ✓ PING OK (5ms) — statut: online
[2026-06-16T12:47:32.952Z][BackupMonitor(:3001→:3000)] ✓ PING OK (4ms) — statut: online
[2026-06-16T12:47:37.972Z][BackupMonitor(:3001→:3000)] ✓ PING OK (6ms) — statut: online
[2026-06-16T12:47:42.982Z][BackupMonitor(:3001→:3000)] ✓ PING OK (3ms) — statut: online
[2026-06-16T12:47:47.991Z][BackupMonitor(:3001→:3000)] ✓ PING OK (3ms) — statut: online
[2026-06-16T12:47:52.994Z][BackupMonitor(:3001→:3000)] ✓ PING OK (3ms) — statut: online
[2026-06-16T12:47:58.003Z][BackupMonitor(:3001→:3000)] ✓ PING OK (5ms) — statut: online
[2026-06-16T12:48:03.007Z][BackupMonitor(:3001→:3000)] ✓ PING OK (3ms) — statut: online
[2026-06-16T12:48:08.023Z][BackupMonitor(:3001→:3000)] ✓ PING OK (10ms) — statut: online
[2026-06-16T12:48:13.024Z][BackupMonitor(:3001→:3000)] ✓ PING OK (3ms) — statut: online
[2026-06-16T12:48:18.028Z][BackupMonitor(:3001→:3000)] ✓ PING OK (3ms) — statut: online
[2026-06-16T12:48:23.035Z][BackupMonitor(:3001→:3000)] ✓ PING OK (3ms) — statut: online
[2026-06-16T12:48:28.046Z][BackupMonitor(:3001→:3000)] ✓ PING OK (3ms) — statut: online
[2026-06-16T12:48:33.053Z][BackupMonitor(:3001→:3000)] ✓ PING OK (3ms) — statut: online
[2026-06-16T12:48:38.053Z][BackupMonitor(:3001→:3000)] ✓ PING OK (3ms) — statut: online
[2026-06-16T12:48:43.054Z][BackupMonitor(:3001→:3000)] ✓ PING OK (3ms) — statut: online
[2026-06-16T12:48:48.060Z][BackupMonitor(:3001→:3000)] ✓ PING OK (3ms) — statut: online
[2026-06-16T12:48:53.067Z][BackupMonitor(:3001→:3000)] ✓ PING OK (7ms) — statut: online
[2026-06-16T12:48:58.079Z][BackupMonitor(:3001→:3000)] ✓ PING OK (4ms) — statut: online
[2026-06-16T12:49:03.088Z][BackupMonitor(:3001→:3000)] ✓ PING OK (3ms) — statut: online
[2026-06-16T12:49:08.097Z][BackupMonitor(:3001→:3000)] ✓ PING OK (3ms) — statut: online
[2026-06-16T12:49:13.104Z][BackupMonitor(:3001→:3000)] ✓ PING OK (4ms) — statut: online
[2026-06-16T12:49:18.106Z][BackupMonitor(:3001→:3000)] ✓ PING OK (3ms) — statut: online
[2026-06-16T12:49:23.119Z][BackupMonitor(:3001→:3000)] ✓ PING OK (3ms) — statut: online
[2026-06-16T12:49:28.123Z][BackupMonitor(:3001→:3000)] ✓ PING OK (3ms) — statut: online
[2026-06-16T12:49:33.130Z][BackupMonitor(:3001→:3000)] ✓ PING OK (3ms) — statut: online
[2026-06-16T12:49:38.141Z][BackupMonitor(:3001→:3000)] ✓ PING OK (3ms) — statut: online
[2026-06-16T12:49:43.142Z][BackupMonitor(:3001→:3000)] ✓ PING OK (3ms) — statut: online
[2026-06-16T12:49:48.157Z][BackupMonitor(:3001→:3000)] ✓ PING OK (3ms) — statut: online
[2026-06-16T12:49:53.164Z][BackupMonitor(:3001→:3000)] ✓ PING OK (4ms) — statut: online
[2026-06-16T12:49:58.172Z][BackupMonitor(:3001→:3000)] ✓ PING OK (3ms) — statut: online
[2026-06-16T12:50:03.187Z][BackupMonitor(:3001→:3000)] ✓ PING OK (4ms) — statut: online
[2026-06-16T12:50:08.190Z][BackupMonitor(:3001→:3000)] ✓ PING OK (3ms) — statut: online
[2026-06-16T12:50:13.197Z][BackupMonitor(:3001→:3000)] ✓ PING OK (3ms) — statut: online
[2026-06-16T12:50:18.203Z][BackupMonitor(:3001→:3000)] ✓ PING OK (3ms) — statut: online
[2026-06-16T12:50:23.213Z][BackupMonitor(:3001→:3000)] ✓ PING OK (3ms) — statut: online
[2026-06-16T12:50:28.225Z][BackupMonitor(:3001→:3000)] ✓ PING OK (3ms) — statut: online
[2026-06-16T12:50:33.233Z][BackupMonitor(:3001→:3000)] ✓ PING OK (3ms) — statut: online
[2026-06-16T12:50:38.245Z][BackupMonitor(:3001→:3000)] ✓ PING OK (3ms) — statut: online
[2026-06-16T12:50:43.246Z][BackupMonitor(:3001→:3000)] ✓ PING OK (3ms) — statut: online
[2026-06-16T12:50:48.260Z][BackupMonitor(:3001→:3000)] ✓ PING OK (3ms) — statut: online
[2026-06-16T12:50:53.264Z][BackupMonitor(:3001→:3000)] ✓ PING OK (4ms) — statut: online
[2026-06-16T12:50:58.277Z][BackupMonitor(:3001→:3000)] ✓ PING OK (3ms) — statut: online
[2026-06-16T12:51:03.292Z][BackupMonitor(:3001→:3000)] ✓ PING OK (3ms) — statut: online
[2026-06-16T12:51:08.299Z][BackupMonitor(:3001→:3000)] ✓ PING OK (3ms) — statut: online
[2026-06-16T12:51:13.309Z][BackupMonitor(:3001→:3000)] ✓ PING OK (3ms) — statut: online
[2026-06-16T12:51:18.322Z][BackupMonitor(:3001→:3000)] ✓ PING OK (4ms) — statut: online
[2026-06-16T12:51:23.326Z][BackupMonitor(:3001→:3000)] ✓ PING OK (3ms) — statut: online
[2026-06-16T12:51:28.337Z][BackupMonitor(:3001→:3000)] ✓ PING OK (3ms) — statut: online
[2026-06-16T12:51:33.348Z][BackupMonitor(:3001→:3000)] ✓ PING OK (3ms) — statut: online
[2026-06-16T12:51:38.357Z][BackupMonitor(:3001→:3000)] ✓ PING OK (3ms) — statut: online
[2026-06-16T12:51:43.363Z][BackupMonitor(:3001→:3000)] ✓ PING OK (3ms) — statut: online
[2026-06-16T12:51:48.374Z][BackupMonitor(:3001→:3000)] ✓ PING OK (3ms) — statut: online
[2026-06-16T12:51:53.387Z][BackupMonitor(:3001→:3000)] ✓ PING OK (3ms) — statut: online
[2026-06-16T12:51:58.397Z][BackupMonitor(:3001→:3000)] ✓ PING OK (4ms) — statut: online
[2026-06-16T12:52:03.401Z][BackupMonitor(:3001→:3000)] ✓ PING OK (3ms) — statut: online
[2026-06-16T12:52:08.415Z][BackupMonitor(:3001→:3000)] ✓ PING OK (4ms) — statut: online
[2026-06-16T12:52:13.428Z][BackupMonitor(:3001→:3000)] ✓ PING OK (4ms) — statut: online
[2026-06-16T12:52:18.522Z][BackupMonitor(:3001→:3000)] ✓ PING OK (40ms) — statut: online
[2026-06-16T12:52:23.493Z][BackupMonitor(:3001→:3000)] ✓ PING OK (2ms) — statut: online
[2026-06-16T12:52:28.498Z][BackupMonitor(:3001→:3000)] ✓ PING OK (5ms) — statut: online
[2026-06-16T12:52:33.507Z][BackupMonitor(:3001→:3000)] ✓ PING OK (2ms) — statut: online
[2026-06-16T12:52:38.517Z][BackupMonitor(:3001→:3000)] ✓ PING OK (5ms) — statut: online
[2026-06-16T12:52:43.533Z][BackupMonitor(:3001→:3000)] ✓ PING OK (8ms) — statut: online
[2026-06-16T12:52:48.538Z][BackupMonitor(:3001→:3000)] ✓ PING OK (3ms) — statut: online
[2026-06-16T12:52:53.549Z][BackupMonitor(:3001→:3000)] ✓ PING OK (5ms) — statut: online
[2026-06-16T12:52:58.548Z][BackupMonitor(:3001→:3000)] ✓ PING OK (4ms) — statut: online
[2026-06-16T12:53:03.554Z][BackupMonitor(:3001→:3000)] ✓ PING OK (3ms) — statut: online
[2026-06-16T12:53:08.555Z][BackupMonitor(:3001→:3000)] ✓ PING OK (2ms) — statut: online
[2026-06-16T12:53:13.567Z][BackupMonitor(:3001→:3000)] ✓ PING OK (10ms) — statut: online
[2026-06-16T12:53:18.563Z][BackupMonitor(:3001→:3000)] ✓ PING OK (4ms) — statut: online
[2026-06-16T12:53:23.567Z][BackupMonitor(:3001→:3000)] ✓ PING OK (3ms) — statut: online
[2026-06-16T12:53:28.575Z][BackupMonitor(:3001→:3000)] ✓ PING OK (3ms) — statut: online
[2026-06-16T12:53:33.576Z][BackupMonitor(:3001→:3000)] ✓ PING OK (4ms) — statut: online
[2026-06-16T12:53:38.582Z][BackupMonitor(:3001→:3000)] ✓ PING OK (6ms) — statut: online
[2026-06-16T12:53:43.584Z][BackupMonitor(:3001→:3000)] ✓ PING OK (3ms) — statut: online
[2026-06-16T12:53:48.584Z][BackupMonitor(:3001→:3000)] ✓ PING OK (3ms) — statut: online
[2026-06-16T12:53:53.591Z][BackupMonitor(:3001→:3000)] ✓ PING OK (3ms) — statut: online
[2026-06-16T12:53:58.594Z][BackupMonitor(:3001→:3000)] ✓ PING OK (3ms) — statut: online
[2026-06-16T12:54:03.599Z][BackupMonitor(:3001→:3000)] ✓ PING OK (3ms) — statut: online
[2026-06-16T12:54:08.603Z][BackupMonitor(:3001→:3000)] ✓ PING OK (3ms) — statut: online
[2026-06-16T12:54:13.616Z][BackupMonitor(:3001→:3000)] ✓ PING OK (4ms) — statut: online
[2026-06-16T12:54:18.629Z][BackupMonitor(:3001→:3000)] ✓ PING OK (4ms) — statut: online
[2026-06-16T12:54:23.633Z][BackupMonitor(:3001→:3000)] ✓ PING OK (2ms) — statut: online
[2026-06-16T12:54:28.635Z][BackupMonitor(:3001→:3000)] ✓ PING OK (2ms) — statut: online
[2026-06-16T12:54:33.660Z][BackupMonitor(:3001→:3000)] ✓ PING OK (9ms) — statut: online
[2026-06-16T12:54:38.659Z][BackupMonitor(:3001→:3000)] ✓ PING OK (4ms) — statut: online
[2026-06-16T12:54:43.657Z][BackupMonitor(:3001→:3000)] ✓ PING OK (2ms) — statut: online
[2026-06-16T12:54:48.666Z][BackupMonitor(:3001→:3000)] ✓ PING OK (2ms) — statut: online
[2026-06-16T12:54:53.679Z][BackupMonitor(:3001→:3000)] ✓ PING OK (5ms) — statut: online
[2026-06-16T12:54:58.737Z][BackupMonitor(:3001→:3000)] ✓ PING OK (5ms) — statut: online
[2026-06-16T12:55:03.744Z][BackupMonitor(:3001→:3000)] ✓ PING OK (3ms) — statut: online
[2026-06-16T12:55:08.747Z][BackupMonitor(:3001→:3000)] ✓ PING OK (4ms) — statut: online
[2026-06-16T12:55:13.751Z][BackupMonitor(:3001→:3000)] ✓ PING OK (5ms) — statut: online
[2026-06-16T12:55:18.753Z][BackupMonitor(:3001→:3000)] ✓ PING OK (3ms) — statut: online
[2026-06-16T12:55:23.766Z][BackupMonitor(:3001→:3000)] ✓ PING OK (6ms) — statut: online
[2026-06-16T12:55:28.769Z][BackupMonitor(:3001→:3000)] ✓ PING OK (3ms) — statut: online
[2026-06-16T12:55:33.785Z][BackupMonitor(:3001→:3000)] ✓ PING OK (4ms) — statut: online
[2026-06-16T12:55:38.783Z][BackupMonitor(:3001→:3000)] ✓ PING OK (2ms) — statut: online
[2026-06-16T12:55:43.799Z][BackupMonitor(:3001→:3000)] ✓ PING OK (5ms) — statut: online
[2026-06-16T12:55:48.806Z][BackupMonitor(:3001→:3000)] ✓ PING OK (4ms) — statut: online
[2026-06-16T12:55:53.811Z][BackupMonitor(:3001→:3000)] ✓ PING OK (3ms) — statut: online
[2026-06-16T12:55:58.815Z][BackupMonitor(:3001→:3000)] ✓ PING OK (3ms) — statut: online
[2026-06-16T12:56:03.825Z][BackupMonitor(:3001→:3000)] ✓ PING OK (3ms) — statut: online
[2026-06-16T12:56:08.832Z][BackupMonitor(:3001→:3000)] ✓ PING OK (3ms) — statut: online
[2026-06-16T12:56:13.842Z][BackupMonitor(:3001→:3000)] ✓ PING OK (3ms) — statut: online
[2026-06-16T12:56:18.847Z][BackupMonitor(:3001→:3000)] ✓ PING OK (6ms) — statut: online
[2026-06-16T12:56:23.859Z][BackupMonitor(:3001→:3000)] ✓ PING OK (2ms) — statut: online
[2026-06-16T12:56:28.862Z][BackupMonitor(:3001→:3000)] ✓ PING OK (3ms) — statut: online
[2026-06-16T12:56:33.871Z][BackupMonitor(:3001→:3000)] ✓ PING OK (2ms) — statut: online
[2026-06-16T12:56:38.887Z][BackupMonitor(:3001→:3000)] ✓ PING OK (2ms) — statut: online
[2026-06-16T12:56:43.901Z][BackupMonitor(:3001→:3000)] ✓ PING OK (2ms) — statut: online
[2026-06-16T12:56:46.124Z][secondary:3001] Signal SIGINT reçu — arrêt du HeartbeatMonitor...
[2026-06-16T12:56:46.126Z][BackupMonitor(:3001→:3000)] Surveillance arrêtée.
